Ancient pop	Sex	Age	Country	Lat	Long	A	B	C	D	E	F	G	H	I	J	K	L	M	N	P	R	T	U	V	W	X	Z	total
Albania BA IA	F	2900	Albania	42.020556	20.388611	0	0	0	0	0	0	0	1	0	0	0	0	0	0	0	0	0	0	0	0	0	0	1
Albania BA IA	M	2475	Albania	42.020556	20.388611	0	0	0	0	0	0	0	1	0	0	0	0	0	0	0	0	1	0	0	0	0	0	2
Albania BA IA oCroat 1d.rel.I16256	M	2500	Albania	42.020556	20.388611	0	0	0	0	0	0	0	1	0	0	0	0	0	0	0	0	0	0	0	0	0	0	1
Albania MBA	M	3745	Albania	42.15	19.29	0	0	0	0	0	0	0	1	0	0	0	0	0	0	0	0	0	0	0	0	0	0	1
Argentina ArroyoSeco2 7700BP	M	7652	Argentina	-38.3605556	-60.2441667	0	0	0	1	0	0	0	0	0	0	0	0	0	0	0	0	0	0	0	0	0	0	1
Argentina NorthTierradelFiego Selknam 100BP.SG	M	100	Argentina	-53.26	-70.45	0	0	0	1	0	0	0	0	0	0	0	0	0	0	0	0	0	0	0	0	0	0	1
Argentina NorthTierradelFuego Selknam 500BP	F	100	Argentina	-53.66	-67.96	0	0	0	1	0	0	0	0	0	0	0	0	0	0	0	0	0	0	0	0	0	0	1
Armenia Aknashen N	M	7858	Armenia	40.100933	44.290517	0	0	0	0	0	0	0	0	1	0	0	0	0	0	0	0	0	0	0	0	0	0	1
Armenia C	M	6076	Armenia	39.73	45.2	0	0	0	0	0	0	0	0	0	0	1	0	0	0	0	0	0	0	0	0	0	0	1
Armenia EBA	M	4476	Armenia	40.65	45.1167	0	0	0	0	0	0	0	0	0	0	0	0	0	0	0	0	0	0	0	0	1	0	1
Armenia EBA KuraAraxes o2 lc	M	4950	Armenia	40.783	43.95	0	0	0	0	0	0	0	0	0	0	0	0	0	0	0	0	1	0	0	0	0	0	1
Armenia EIA	F	2599	Armenia	40.91666	44.5	0	0	0	0	0	0	0	0	0	0	0	0	0	0	0	0	1	0	0	0	0	0	1
Armenia EIA	M	2586	Armenia	40.91666	44.5	0	0	0	0	0	0	0	0	0	0	0	0	0	0	0	0	0	1	0	0	0	0	1
Armenia LBA	F	3128	Armenia	40.37518133333333	45.17689300000001	0	0	0	0	0	0	0	0	0	0	0	0	0	0	0	1	1	0	0	1	0	0	3
Armenia LBA	M	3079	Armenia	40.416667	45.20000000000001	0	0	0	0	0	0	0	0	0	0	1	0	0	1	0	0	1	0	0	0	0	0	3
Armenia LBA EIA	M	3088	Armenia	40.6666635	44.85	0	0	0	0	0	0	0	0	0	0	1	0	0	1	0	0	0	0	0	0	0	0	2
Armenia LIA o2	F	2023	Armenia	40.29221	45.130679	0	0	1	0	0	0	0	0	0	0	0	0	0	0	0	0	0	0	0	0	0	0	1
Armenia Lchashen LBA	F	3240	Armenia	40.516618	44.933321	0	0	0	0	0	0	0	1	0	0	0	0	0	0	0	0	1	0	0	1	0	0	3
Armenia MBA	M	3285	Armenia	40.416667	45.2	0	0	0	0	0	0	0	0	0	0	0	0	0	0	0	0	0	1	0	0	0	0	1
Armenia UrartianEmpire	F	2789	Armenia	40.15118	44.443167	0	0	0	0	0	0	0	0	0	1	0	0	0	0	0	0	0	0	0	0	0	0	1
Austria Kleinhadersdorf LBK EN.SG	F	8970	Austria	48.6628	16.5898	0	0	0	0	0	0	0	0	0	0	0	0	0	0	0	0	0	0	0	1	0	0	1
Austria Krems1 2 twin.I2483	M	30850	Austria	48.41	15.59	0	0	0	0	0	0	0	0	0	0	0	0	0	0	0	0	0	1	0	0	0	0	1
Azerbaijan Caucasus lowlands LN	F	7638	Azerbaijan 	40.941889	45.832778	0	0	0	0	0	0	0	0	0	0	0	0	0	0	0	0	0	1	0	0	0	0	1
Bahamas AbacoIsl Ceramic	F	603	Bahamas	26.31	-77.55	0	1	0	0	0	0	0	0	0	0	0	0	0	0	0	0	0	0	0	0	0	0	1
Bahamas CrookedIsl Ceramic	M	750	Bahamas	22.82	-74.29	0	0	1	0	0	0	0	0	0	0	0	0	0	0	0	0	0	0	0	0	0	0	1
Bahamas EleutheraIsl Ceramic	F	938	Bahamas	25.366574	-76.520014	0	0	1	0	0	0	0	0	0	0	0	0	0	0	0	0	0	0	0	0	0	0	1
Bahamas EleutheraIsl Ceramic	M	883	Bahamas	25.557	-76.696	0	1	0	0	0	0	0	0	0	0	0	0	0	0	0	0	0	0	0	0	0	0	1
Bahamas SouthAndros Ceramic	M	663	Bahamas	24.1	-77.55	0	1	0	0	0	0	0	0	0	0	0	0	0	0	0	0	0	0	0	0	0	0	1
Belize 4600BP	F	4725	Belize	16.497398	-88.90496	0	0	1	0	0	0	0	0	0	0	0	0	0	0	0	0	0	0	0	0	0	0	1
Belize 4600BP	M	4472	Belize	16.497398	-88.90496	0	0	1	0	0	0	0	0	0	0	0	0	0	0	0	0	0	0	0	0	0	0	1
Bolivia Lukurmata Tiwanaku	F	1660	Bolivia	-16.44	-68.71	0	0	1	0	0	0	0	0	0	0	0	0	0	0	0	0	0	0	0	0	0	0	1
Bolivia Totocachi Tiwanaku	F	539	Bolivia	-16.56	-68.67	0	1	0	0	0	0	0	0	0	0	0	0	0	0	0	0	0	0	0	0	0	0	1
Botswana Taukome EIA	F	1000	Botswana	-24.65509	25.86798	0	0	0	0	0	0	0	0	0	0	0	1	0	0	0	0	0	0	0	0	0	0	1
Brazil LapaDoSanto 9600BP	F	9650	Brazil	-19.47718333	-44.03805556	1	0	0	0	0	0	0	0	0	0	0	0	0	0	0	0	0	0	0	0	0	0	1
Brazil LapaDoSanto 9900BP 1d.rel.Lapa25	M	9862	Brazil	-19.47718333	-44.03805556	0	0	1	0	0	0	0	0	0	0	0	0	0	0	0	0	0	0	0	0	0	0	1
Bulgaria C	F	6823	Bulgaria	42.685867	24.936462	0	0	0	0	0	0	0	1	0	0	0	0	0	0	0	0	1	0	0	0	0	0	2
Bulgaria EBA Yamnaya	M	4200	Bulgaria	42.281	26.63425	0	0	0	0	0	0	0	0	0	0	0	0	0	0	0	0	0	1	0	0	0	0	1
Bulgaria EBA oEast contam	F	4325	Bulgaria	42.462247	26.025931	0	0	0	0	0	0	0	0	0	1	0	0	0	0	0	0	0	0	0	0	0	0	1
Bulgaria EBA oNorth	M	4337	Bulgaria	42.462247	26.025931	0	0	0	0	0	0	0	0	0	0	0	0	0	0	0	0	0	0	0	1	0	0	1
Bulgaria EIA	M	2750	Bulgaria	41.74333333333333	26.286666666666665	0	0	0	0	0	0	0	2	0	0	0	0	0	0	0	0	0	1	0	0	0	0	3
Bulgaria EIA lc	M	2750	Bulgaria	41.73	26.33	0	0	0	0	0	0	0	1	0	0	0	0	0	0	0	0	0	0	0	0	0	0	1
Bulgaria EIA o	F	2750	Bulgaria	41.77	26.2	0	0	1	0	0	0	0	0	0	0	0	0	0	0	0	0	0	0	0	0	0	0	1
Bulgaria LIA	M	2200	Bulgaria	42.56	25.41	0	0	0	0	0	0	0	1	0	0	0	0	0	0	0	0	0	0	0	0	0	0	1
Bulgaria MalakPreslavets N	F	7550	Bulgaria	43.98	26.4	0	0	0	0	0	0	0	1	0	0	0	0	0	0	0	0	0	0	0	0	0	0	1
Bulgaria Medieval	F	797	Bulgaria	43.12	25.68	0	0	0	0	0	0	0	0	0	0	0	0	0	0	0	0	0	1	0	0	0	0	1
Bulgaria Medieval oEastAsia	M	1014	Bulgaria	43.139507	25.610236	0	0	0	0	0	0	0	0	0	0	0	0	0	0	0	0	0	1	0	0	0	0	1
Bulgaria Varna C	M	6566	Bulgaria	43.2131	27.8644	0	0	0	0	0	0	0	0	0	0	0	0	0	0	0	0	1	0	0	0	0	0	1
Cameroon SMA	M	7820	Cameroon	5.8586	10.0778	0	0	0	0	0	0	0	0	0	0	0	1	0	0	0	0	0	0	0	0	0	0	1
Chile LosRieles 12000BP	M	11885	Chile	-31.92	-71.5	0	0	1	0	0	0	0	0	0	0	0	0	0	0	0	0	0	0	0	0	0	0	1
Chile StraitOfMagellan Kaweskar 100BP o.SG	M	100	Chile	-53.84	-71.17	0	0	0	1	0	0	0	0	0	0	0	0	0	0	0	0	0	0	0	0	0	0	1
China AR EN	F	7361	China 	46.8613	119.655	0	0	1	0	0	0	0	0	0	0	0	0	0	0	0	0	0	0	0	0	0	0	1
China AR IA	M	1786	China 	46.8613	119.655	0	0	0	0	0	0	0	0	0	0	0	0	0	1	0	0	0	0	0	0	0	0	1
China AR Xianbei IA	M	1800	China 	46.8613	119.655	0	0	2	0	0	0	0	0	0	0	0	0	0	0	0	0	0	0	0	0	0	0	2
China Guangxi Cenxun Sui Tang	F	1372	China	23.4	107.4	0	0	0	0	0	0	0	0	0	0	0	0	1	0	0	0	0	0	0	0	0	0	1
China Guangxi Huatuyan Ming.SG	M	405	China	25.1	107.66	0	0	1	0	0	0	0	0	0	0	0	0	0	0	0	0	0	0	0	0	0	0	1
China Guangxi Yiyang NorthernAndSouthernDynasties Sui Tang	F	1372	China	23.33	107.5	0	0	0	0	0	0	0	0	0	0	0	0	1	0	0	0	0	0	0	0	0	0	1
China SEastAsia Island EN	M	8190	China	26.3	120.2	0	0	0	0	1	0	0	0	0	0	0	0	0	0	0	0	0	0	0	0	0	0	1
China Tianyuan	M	39565	China	39.657778	115.871389	0	1	0	0	0	0	0	0	0	0	0	0	0	0	0	0	0	0	0	0	0	0	1
China Upper YR LN	M	4296	China 	36.919614	102.531876	0	0	0	0	0	0	1	0	0	0	0	0	0	0	0	0	0	0	0	0	0	0	1
China Wuzhuangguoliang LN.EC	F	4785	China	37.820604	109.050593	0	1	0	0	0	0	0	0	0	0	0	0	0	0	0	0	0	0	0	0	0	0	1
China Xinjiang Ayituohan BA Afanasievo	F	4498	China	47.97	86.27	0	0	0	0	0	0	0	0	0	0	0	0	0	0	0	0	1	0	0	0	0	0	1
China Xinjiang Baiyanghe Historical	F	1089	China	43.76	89.26	0	0	0	1	0	0	0	0	0	0	0	0	0	0	0	0	0	0	0	0	0	0	1
China Xinjiang Bolati IA	F	2371	China	47.7	86.87	0	0	0	0	0	0	0	1	0	0	0	0	0	0	0	0	0	0	0	0	0	0	1
China Xinjiang Chaganguole(Chagangole) BA Chemurcheck	M	4224	China	46.48	90.75	0	0	0	1	0	0	0	0	0	0	0	0	0	0	0	0	0	0	0	0	0	0	1
China Xinjiang Chaganguole BA Chemurcheck	M	4224	China	46.48	90.75	1	0	0	0	0	0	0	0	0	0	0	0	0	0	0	0	0	1	0	0	0	0	2
China Xinjiang G218 IA Scythian Yuezhi Wusun possible	F	2139	China	43.8	82.51	0	0	1	1	0	0	0	0	0	0	0	0	0	0	0	0	0	0	0	0	0	0	2
China Xinjiang Hetian Historical	F	1651	China	36.97	79.94	0	0	0	0	0	0	0	0	0	0	0	0	0	0	0	0	1	0	0	0	0	0	1
China Xinjiang Jierzankale IA	M	2515	China	37.77	75.22	0	0	0	0	0	0	0	1	0	0	0	0	0	0	0	0	0	0	0	0	0	0	1
China Xinjiang Jirentaigoukou EIA o	F	2256	China	43.79	82.64	0	0	0	0	0	0	0	0	0	0	0	0	0	0	0	0	1	0	0	0	0	0	1
China Xinjiang Kafulang Historical	F	1008	China	43.91	82.08	0	0	0	0	0	1	0	0	0	0	0	0	0	0	0	0	0	0	0	0	0	0	1
China Xinjiang Kuokesuxi EIA	M	2034	China	43.08	81.52	0	0	0	0	0	0	0	1	0	0	0	0	0	0	0	0	0	0	0	0	0	0	1
China Xinjiang Liushui IA	M	2824	China	36.46	81.95	0	0	0	0	0	0	0	1	0	0	0	0	0	0	0	1	0	0	0	0	0	0	2
China Xinjiang Qiafuqihaishuiku IA Scythians Wusun possible	F	2420	China	43.23	82.28	0	0	0	0	0	0	0	0	0	1	0	0	0	0	0	0	0	0	0	0	0	0	1
China Xinjiang Sandaohaizi IA lc	F	2351	China	46.48	90.74	0	0	1	0	0	0	0	0	0	0	0	0	0	0	0	0	0	0	0	0	0	0	1
China Xinjiang Simutasi Historical	M	875	China	42.45	81.5	0	0	0	0	0	0	1	0	0	0	0	0	0	0	0	0	0	0	0	0	0	0	1
China Xinjiang Songshugou BA	F	4131	China	47.44	85.87	0	0	0	0	0	0	0	0	0	0	0	0	0	0	0	1	0	0	0	0	0	0	1
China Xinjiang Songshugou EIA	F	2574	China	47.44	85.87	0	0	0	0	0	0	0	0	0	0	0	0	0	0	0	0	0	2	0	0	0	0	2
China Xinjiang Songshugou EIA	M	2574	China	47.44	85.87	0	0	0	1	0	0	0	0	0	0	0	0	0	0	0	0	0	0	0	0	0	0	1
China Xinjiang Tangbalesayi IA Scythians Wusun possible	M	2160	China	43.6	82.62	0	0	0	0	0	0	0	0	0	0	0	0	0	1	0	0	0	0	0	0	0	0	1
China Xinjiang Wutulan IA	F	2180	China	43.83	82.72	0	0	1	0	0	0	0	0	0	0	0	0	0	0	0	0	0	0	0	0	0	0	1
China Xinjiang Wutulan IA	M	2167	China	43.83	82.72	0	0	1	0	0	0	0	0	0	0	0	0	0	0	0	0	1	0	0	0	0	0	2
China Xinjiang Wutulan IA Suodunbulake possible	F	2268	China	43.83	82.72	1	0	0	0	0	0	0	0	0	0	0	0	0	0	0	0	0	0	0	0	0	0	1
China Xinjiang Wuzan IA	F	2515	China	43.22	81.84	1	0	0	0	0	0	0	0	0	0	0	0	0	0	0	0	0	0	0	0	0	0	1
China Xinjiang Wuzan IA oEastAsia	F	2515	China	43.22	81.84	0	0	0	0	0	0	1	0	0	0	0	0	0	0	0	0	0	0	0	0	0	0	1
China Xinjiang Xiaohe BA	F	3900	China	40.3364	88.6725	0	0	1	0	0	0	0	0	0	0	0	0	0	0	0	0	0	0	0	0	0	0	1
China Xinjiang Xiaohe BA.SG	F	3757	China	40.3364	88.6725	0	0	1	0	0	0	0	0	0	0	0	0	0	0	0	0	0	0	0	0	0	0	1
China Xinjiang Zeketai IA	M	2028	China	43.54	83.28	0	0	0	0	0	0	0	0	0	0	0	0	0	0	0	1	0	0	0	0	0	0	1
China Xinjiang Zhagunluke(Zaghunluq) IA Zaghunluq	F	2181	China	38.27	85.33	0	0	0	0	0	0	0	1	0	0	0	0	0	0	0	0	0	0	0	0	0	0	1
China Xinjiang Zhagunluke IA Zaghunluq	M	2190	China	38.27	85.33	0	0	0	0	0	0	0	0	0	0	0	0	0	0	0	0	1	0	0	0	0	0	1
China YR LBIA	F	3332	China 	35.170782	113.15469	0	0	1	0	0	0	0	0	0	0	0	0	0	0	0	0	0	0	0	0	0	0	1
China YR MN	M	6927	China 	34.564554	110.977875	0	0	0	1	0	0	0	0	0	0	0	0	0	0	0	0	0	0	0	0	0	0	1
Croatia C	M	5950	Croatia	45.312965	18.402813	0	0	0	0	0	0	0	1	0	0	0	0	0	0	0	0	0	0	0	0	0	0	1
Croatia C Lasinja	F	6093	Croatia	45.4482	17.6388	0	0	0	0	0	0	0	1	0	0	0	0	0	0	0	0	0	0	0	0	0	0	1
Croatia C Lasinja	M	6050	Croatia	45.44820000000001	17.6388	0	0	0	0	0	0	0	2	0	0	0	0	0	1	0	0	0	0	0	0	0	0	3
Croatia EIA	F	2750	Croatia	44.694464	14.3927	0	0	0	0	0	0	0	1	0	0	0	0	0	0	0	0	0	0	0	0	0	0	1
Croatia EIA	M	2554	Croatia	45.900833	15.700288	0	0	0	0	0	0	0	1	0	0	0	0	0	0	0	0	0	0	0	0	0	0	1
Croatia EN Impressa	M	7545	Croatia	43.35141	16.461788	0	0	0	0	0	0	0	1	0	0	0	0	0	0	0	0	0	0	0	0	0	0	1
Croatia LBA EIA lc	F	2900	Croatia	43.88741	15.72534	0	0	0	0	0	0	0	1	0	0	0	0	0	0	0	0	0	0	0	0	0	0	1
Croatia MBA	M	3519	Croatia	43.194	17.344	0	0	0	0	0	0	0	0	1	0	0	0	0	0	0	0	0	0	0	0	0	0	1
Croatia MBA Cetina	M	3750	Croatia	43.967224	16.432671	0	0	0	0	0	0	0	0	0	2	0	0	0	0	0	0	0	0	0	0	0	0	2
Croatia MLBA	F	3170	Croatia	44.852005	15.419943999999997	0	0	0	0	0	0	0	1	0	0	0	0	0	0	0	0	2	2	0	0	0	0	5
Croatia MLBA	M	3275	Croatia	44.852005	15.419944	0	0	0	0	0	0	0	0	0	0	0	0	0	0	0	0	1	0	1	0	0	0	2
Croatia MLBA brother.I18078.father.I18071	M	3100	Croatia	44.852005	15.419944	0	0	0	0	0	0	0	1	0	0	0	0	0	0	0	0	0	0	0	0	0	0	1
Croatia Medieval	F	1096	Croatia	43.530795	16.260044	0	0	0	0	0	0	0	1	0	0	0	0	0	0	0	0	0	0	0	0	0	0	1
Croatia Medieval sister.I15744	F	1200	Croatia	43.530795	16.260044	0	0	0	0	0	0	0	0	0	0	0	0	0	0	0	0	0	0	0	0	1	0	1
Croatia N Cardial	M	7863	Croatia	43.589	16.648	0	0	0	0	0	0	0	0	0	0	0	0	0	1	0	0	0	0	0	0	0	0	1
Croatia Popova MN.SG	M	6408	Croatia	45.74699999999999	18.57	0	0	0	0	0	0	0	2	0	0	1	0	0	0	0	0	0	0	0	0	0	0	3
Croatia Popova RomanP.SG	M	1586	Croatia	45.747	18.57	0	0	0	0	0	0	0	0	0	0	0	0	0	0	0	0	1	0	0	0	0	0	1
Cuba CanimarAbajo Archaic	F	1329	Cuba	23.038	-81.497	0	0	0	1	0	0	0	0	0	0	0	0	0	0	0	0	0	0	0	0	0	0	1
Cuba CanimarAbajo Archaic	M	905	Cuba	23.038	-81.497	0	0	0	1	0	0	0	0	0	0	0	0	0	0	0	0	0	0	0	0	0	0	1
Cuba CuevaPerico Archaic	F	1257	Cuba	22.958	-83.275	0	0	0	1	0	0	0	0	0	0	0	0	0	0	0	0	0	0	0	0	0	0	1
Cuba CuevaPerico Archaic	M	1345	Cuba	22.958	-83.275	0	0	0	1	0	0	0	0	0	0	0	0	0	0	0	0	0	0	0	0	0	0	1
Cuba GuayaboBlanco Archaic	M	1657	Cuba	22.301	-80.924	0	0	0	1	0	0	0	0	0	0	0	0	0	0	0	0	0	0	0	0	0	0	1
Curacao SantaCruz Ceramic	F	666	Curacao	12.3	-69.15	0	0	1	0	0	0	0	0	0	0	0	0	0	0	0	0	0	0	0	0	0	0	1
Czech BellBeaker	F	4193	Czech Republic	50.191749	14.257211	0	0	0	0	0	0	0	2	0	0	1	0	0	0	0	0	0	1	0	0	0	0	4
Czech BellBeaker	M	4193	Czech Republic	50.214439	14.425045800000001	0	0	0	0	0	0	0	1	0	1	0	0	0	0	0	0	2	0	0	1	0	0	5
Czech BellBeaker brother.I4888	M	4071	Czech Republic	50.121747	14.456951	0	0	0	0	0	0	0	0	0	0	1	0	0	0	0	0	0	0	0	0	0	0	1
Czech C Baalberge	F	5850	Czech Republic	50.145766	14.221421	0	0	0	0	0	0	0	0	0	0	0	0	0	0	0	0	0	1	0	0	0	0	1
Czech C Baalberge	M	5850	Czech Republic	50.145766	14.221421	0	0	0	0	0	0	0	1	0	0	0	0	0	0	0	0	0	0	0	0	0	0	1
Czech CordedWare	F	4576	Czech Republic	50.3877232	14.3201748	0	0	0	0	0	0	0	1	0	0	1	0	0	0	0	0	1	1	0	0	1	0	5
Czech CordedWare o1	F	4877	Czech Republic	50.612939	13.961205	0	0	0	0	0	0	0	0	0	0	1	0	0	0	0	0	0	0	0	0	0	0	1
Czech EBA Unetice	F	3941	Czech Republic	50.163228272727274	14.82870481818182	0	0	0	0	0	0	0	2	0	1	0	0	0	0	0	0	2	4	1	1	0	0	11
Czech EBA Unetice	M	3846	Czech Republic	50.00233875	15.62466675	0	0	0	0	0	0	0	1	0	0	1	0	0	0	0	0	1	1	0	0	0	0	4
Czech EBA Unetice brother.I14585	M	3850	Czech Republic	50.054385	14.363387	0	0	0	0	0	0	0	0	0	0	1	0	0	0	0	0	0	0	0	0	0	0	1
Czech EBA Unetice father.MIB015.father.MIB010.father.MIB030.father.MIB035.father.MIB018.father.MIB011	M	3774	Czech Republic	49.992004	15.776861	0	0	0	0	0	0	0	0	0	1	0	0	0	0	0	0	0	0	0	0	0	0	1
Czech EBA Unetice father.or.son.MIB083.1d.rel.MIB078	M	3887	Czech Republic	49.992004	15.776861	0	0	0	0	0	0	0	0	0	0	0	0	0	1	0	0	0	0	0	0	0	0	1
Czech EBA Unetice mother.MIB034.MIB033	F	3840	Czech Republic	49.992004	15.776861	0	0	0	0	0	0	0	1	0	0	0	0	0	0	0	0	0	0	0	0	0	0	1
Czech EBA Unetice sister.MIB015.sister.MIB010.sister.MIB030.sister.MIB035.sister.MIB018.daughter.MIB012	F	3761	Czech Republic	49.992004	15.776861	0	0	0	0	0	0	0	0	0	0	1	0	0	0	0	0	0	0	0	0	0	0	1
Czech EBA Unetice sister.MIB071	F	3825	Czech Republic	49.992004	15.776861	0	0	0	0	0	0	0	0	0	0	1	0	0	0	0	0	0	0	0	0	0	0	1
Czech EBA Unetice sister.PDA002	F	4131	Czech Republic	50.151931	14.493838	0	0	0	0	0	0	0	0	0	0	0	0	0	0	0	0	0	1	0	0	0	0	1
Czech EBA Unetice son.MIB038.brother.MIB045.father.MIB039	M	3781	Czech Republic	49.992004	15.776861	0	0	0	0	0	0	0	0	0	0	0	0	0	0	0	0	0	0	1	0	0	0	1
Czech EMBA	F	3975	Czech Republic	50.400094	13.42304	0	0	0	0	0	0	0	0	0	1	0	0	0	0	0	0	0	0	0	0	0	0	1
Czech IA Hallstatt	F	2625	Czech Republic	50.291389	14.045556	0	0	0	0	0	0	0	0	0	0	0	0	0	0	0	0	0	0	0	1	0	0	1
Czech IA Hallstatt lc	M	2625	Czech Republic	50.336647	13.350577	0	0	0	0	0	0	0	0	0	1	0	0	0	0	0	0	0	0	0	0	0	0	1
Czech IA LaTene	F	2232	Czech Republic	50.17301166666667	14.267123666666668	0	0	0	0	0	0	0	2	0	0	1	0	0	0	0	0	0	0	0	0	0	0	3
Czech IA LaTene	M	2242	Czech Republic	50.196737	14.247871	0	0	0	0	0	0	0	3	0	0	1	0	0	0	0	0	0	1	0	0	0	0	5
Czech IA LaTene 1d.rel.I20504 lc	M	2250	Czech Republic	50.054385	14.363387	0	0	0	0	0	0	0	1	0	0	0	0	0	0	0	0	0	0	0	0	0	0	1
Czech IA LaTene mother.or.daughter.I15039	F	2185	Czech Republic	50.410265	14.074597	0	0	0	0	0	0	0	1	0	0	0	0	0	0	0	0	0	0	0	0	0	0	1
Czech LBA Knoviz	F	3050	Czech Republic	50.07884	14.280243	0	0	0	0	0	0	0	0	0	0	0	0	0	0	0	0	0	1	0	0	0	0	1
Czech LBA Knoviz	M	3000	Czech Republic	50.511285	13.767871	0	0	0	0	0	0	0	1	0	0	0	0	0	0	0	0	0	0	0	0	0	0	1
Czech LBA Knoviz o3	F	3050	Czech Republic	50.07884	14.280243	0	0	0	0	0	0	0	0	0	0	0	0	0	0	0	0	1	0	0	0	0	0	1
Czech LN	F	5526	Czech Republic	50.044984	14.339296	0	0	0	0	0	0	0	0	0	0	0	0	0	0	0	0	0	0	0	0	1	0	1
Czech MBA Tumulus	F	3325	Czech Republic	50.533635	13.61765	0	0	0	0	0	0	0	0	0	0	0	0	0	0	0	0	1	0	0	0	0	0	1
Czech N	F	6371	Czech Republic	50.121747	14.456951	0	0	0	0	0	0	0	0	0	0	0	0	0	0	0	0	0	1	0	0	0	0	1
Czech N	M	7200	Czech Republic	50.080832	14.245241	0	0	0	0	0	0	0	0	0	0	0	0	0	1	0	0	0	0	0	0	0	0	1
Czech N GlobularAmphora	F	4692	Czech Republic	50.351064	13.852118	0	0	0	0	0	0	0	0	0	0	1	0	0	0	0	0	0	0	0	0	0	0	1
Czech N Rivnac mother.or.daughter.KO1016	F	4761	Czech Republic	50.033343	15.168084	0	0	0	0	0	0	0	1	0	0	0	0	0	0	0	0	0	0	0	0	0	0	1
Czech N TRB	F	5521	Czech Republic	50.3575	13.743611	0	0	0	0	0	0	0	0	0	0	1	0	0	0	0	0	0	0	0	0	0	0	1
Czech Vestonice13 lc	M	30800	Czech Republic	48.877778	16.652222	0	0	0	0	0	0	0	0	0	0	0	0	0	0	0	0	0	1	0	0	0	0	1
Denmark EarlyViking.SG	M	1100	Denmark	55.87	12.08	0	0	0	0	0	0	0	0	0	0	0	0	0	0	0	0	0	1	0	0	0	0	1
Denmark LBA.SG	M	2612	Denmark	55.914	11.565	0	0	0	0	0	0	0	0	0	0	0	0	0	0	0	0	1	0	0	0	0	0	1
Denmark LN.SG	F	4040	Denmark	56.676	10.034	0	0	0	0	0	0	0	1	0	0	0	0	0	0	0	0	0	0	0	0	0	0	1
Denmark Viking.SG	F	1000	Denmark	54.87	10.72	0	0	0	0	0	0	0	1	0	0	0	0	0	0	0	0	0	0	0	0	0	0	1
Denmark Viking.SG	M	1015	Denmark	55.18285714285714	10.085714285714285	0	0	0	0	0	0	0	2	1	0	0	0	0	0	0	0	2	2	0	0	0	0	7
Denmark Viking lc.SG	F	1000	Denmark	55.5	10.33	0	0	0	0	0	0	0	1	0	0	0	0	0	0	0	0	0	0	0	0	0	0	1
Denmark Zealand Saxon Medieval	F	900	Denmark	55.675268	12.568294	0	0	0	0	0	0	0	4	0	0	0	0	0	0	0	0	0	0	0	0	0	0	4
Dominican Andres Archaic	F	3022	Dominican Republic	18.44	-69.64	0	0	0	1	0	0	0	0	0	0	0	0	0	0	0	0	0	0	0	0	0	0	1
Dominican Atajadizo Ceramic	F	702	Dominican Republic	18.394444	-68.61	0	0	2	0	0	0	0	0	0	0	0	0	0	0	0	0	0	0	0	0	0	0	2
Dominican Atajadizo Ceramic	M	706	Dominican Republic	18.394444	-68.61	1	0	0	0	0	0	0	0	0	0	0	0	0	0	0	0	0	0	0	0	0	0	1
Dominican CuevaJuana Ceramic	F	1249	Dominican Republic	19.24	-69.2	0	0	1	0	0	0	0	0	0	0	0	0	0	0	0	0	0	0	0	0	0	0	1
Dominican CuevaRoja Archaic	F	1887	Dominican Republic	17.87	-71.65	0	0	1	0	0	0	0	0	0	0	0	0	0	0	0	0	0	0	0	0	0	0	1
Dominican ElFrances Ceramic	M	956	Dominican Republic	19.2	-69.218889	0	0	1	0	0	0	0	0	0	0	0	0	0	0	0	0	0	0	0	0	0	0	1
Dominican JuanDolio Ceramic	F	520	Dominican Republic	18.43	-69.41	1	0	1	0	0	0	0	0	0	0	0	0	0	0	0	0	0	0	0	0	0	0	2
Dominican JuanDolio Ceramic	M	660	Dominican Republic	18.43	-69.41	1	0	0	0	0	0	0	0	0	0	0	0	0	0	0	0	0	0	0	0	0	0	1
Dominican LaCaleta Ceramic	F	625	Dominican Republic	18.45	-69.69	0	0	1	0	0	0	0	0	0	0	0	0	0	0	0	0	0	0	0	0	0	0	1
Dominican LaCaleta Ceramic	M	645	Dominican Republic	18.451	-69.686	0	0	4	0	0	0	0	0	0	0	0	0	0	0	0	0	0	0	0	0	0	0	4
Egypt Ptolemaic contam	M	1997	Egypt	29.9	31.2	0	0	0	0	0	0	0	0	0	0	0	0	0	0	0	0	0	1	0	0	0	0	1
England BellBeaker	F	4091	United Kingdom	51.7977	-1.313464	0	0	0	0	0	0	0	0	0	0	0	0	0	0	0	0	1	0	0	0	0	0	1
England BellBeaker	M	4250	United Kingdom	51.24	-1.76	0	0	0	0	0	0	0	0	0	0	1	0	0	0	0	0	0	0	0	0	0	0	1
England BellBeaker lowEEF	F	4042	United Kingdom	52.34	0.03	0	0	0	0	0	0	0	0	0	0	0	0	0	0	0	1	0	0	0	0	0	0	1
England C EBA	F	3890	United Kingdom	52.37477825	-1.1745335	0	0	0	0	0	0	0	3	0	0	1	0	0	0	0	0	0	0	0	0	0	0	4
England C EBA	M	3886	United Kingdom	51.981931599999996	-1.2027084399999999	0	0	0	0	0	0	0	1	1	0	1	0	0	0	0	0	1	1	0	0	0	0	5
England C EBA lowEEF	M	4034	United Kingdom	53.079803	-1.640942	0	0	0	0	0	0	0	0	0	0	0	0	0	0	0	0	0	0	0	0	1	0	1
England Derbyshire IA oEEF.SG	M	2236	United Kingdom	53.08026	-1.640609	0	0	0	0	0	0	0	1	0	0	0	0	0	0	0	0	0	0	0	0	0	0	1
England EIA	F	2455	United Kingdom	51.168023	-1.7725402	0	0	0	0	0	0	0	1	0	0	0	0	0	0	0	0	0	0	0	0	0	0	1
England EIA	M	2468	United Kingdom	51.4581565	-0.42911455	0	0	0	0	0	0	0	1	1	0	0	0	0	0	0	0	1	0	1	0	0	0	4
England EarlyMedieval	F	1350	United Kingdom	50.789115	0.082351	0	0	0	0	0	0	0	0	0	0	1	0	0	0	0	0	0	0	0	0	0	0	1
England EarlyMedieval	M	1319	United Kingdom	52.01170875	-2.1792478815	0	0	0	0	0	0	0	1	0	2	0	0	0	0	0	0	0	1	0	0	0	0	4
England EarlyMedieval 1d.rel.I11574.I11572	M	1350	United Kingdom	50.600091	-2.036950526	0	0	0	0	0	0	0	1	0	0	0	0	0	0	0	0	0	0	0	0	0	0	1
England EarlyMedieval Saxon	F	1352	United Kingdom	53.47399266666667	-0.343826	0	0	0	0	0	0	0	0	0	1	0	0	0	0	0	0	1	0	1	0	0	0	3
England EarlyMedieval Saxon	M	1450	United Kingdom	54.170989	-0.605739	0	0	0	0	0	0	0	1	0	0	0	0	0	0	0	0	1	1	0	0	0	0	3
England EarlyMedieval Saxon.SG	F	1227	United Kingdom	52.08	0.18	0	0	0	0	0	0	0	1	0	0	0	0	0	0	0	0	0	0	0	0	0	0	1
England EarlyMedieval father.I14541	M	1350	United Kingdom	50.789115	0.082351	0	0	0	0	0	0	0	0	0	0	0	0	0	0	0	0	0	0	0	0	1	0	1
England EarlyMedieval o	F	1350	United Kingdom	50.789115	0.082351	0	0	0	0	0	0	0	0	1	0	0	0	0	0	0	0	0	0	0	0	0	0	1
England EastYorkshire MIA LIA	F	2175	United Kingdom	53.919396	-0.766635	0	0	0	0	0	0	0	0	0	0	0	0	0	0	0	0	1	0	0	0	0	0	1
England EastYorkshire MIA LIA	M	2175	United Kingdom	53.919396	-0.766635	0	0	0	0	0	0	0	2	0	0	0	0	0	0	0	0	0	0	0	0	0	0	2
England IA	F	2329	United Kingdom	50.539905	-4.997809	0	0	0	0	0	0	0	0	0	0	0	0	0	0	0	0	0	1	0	0	0	0	1
England IA Roman.SG	M	1750	United Kingdom	53.958333	-1.080278	0	0	0	0	0	0	0	0	0	1	0	0	0	0	0	0	0	0	0	0	0	0	1
England Kent AngloSaxon Emedieval lc	M	1300	United Kingdom	51.245326	1.303369	0	0	0	0	0	0	0	0	1	0	0	0	0	0	0	0	0	0	0	0	0	0	1
England LBA	F	2800	United Kingdom	51.330985	-2.050187	0	0	0	0	0	0	0	1	0	0	0	0	0	0	0	0	0	0	0	0	0	0	1
England LBA lc	M	2945	United Kingdom	54.176006	-2.416361	0	0	0	0	0	0	0	0	0	0	0	0	0	0	0	0	0	1	0	0	0	0	1
England LIA	F	1960	United Kingdom	51.255523	-2.667883	0	0	0	0	0	0	0	0	0	0	0	0	0	0	0	0	0	1	0	0	0	0	1
England LIA	M	1989	United Kingdom	52.639455	-2.1872325	0	0	0	0	0	0	0	2	0	0	0	0	0	0	0	0	0	0	0	0	0	0	2
England MBA	F	3271	United Kingdom	51.3603	1.3405	0	0	0	0	0	0	0	0	0	1	0	0	0	0	0	0	0	0	0	0	0	0	1
England MBA	M	3292	United Kingdom	51.520803	-1.2634029999999998	0	0	0	0	0	0	0	1	0	0	0	0	0	0	0	0	0	1	0	0	0	0	2
England MIA	F	2258	United Kingdom	51.79671466666667	-1.1503165	0	0	0	0	0	0	0	3	0	0	1	0	0	0	0	0	0	1	1	0	0	0	6
England MIA	M	2247	United Kingdom	51.157718599999995	-0.9126448399999999	0	0	0	0	0	0	0	2	0	0	0	0	0	0	0	0	2	1	0	0	0	0	5
England MIA LIA	F	2214	United Kingdom	51.009992499999996	-2.012921	0	0	0	0	0	0	0	1	0	0	0	0	0	0	0	0	1	0	0	0	0	0	2
England MIA LIA	M	2157	United Kingdom	52.537532666666664	-1.6907416666666666	0	0	0	0	0	0	0	0	1	1	1	0	0	0	0	0	1	2	0	0	0	0	6
England MIA lc	M	2250	United Kingdom	51.7977	-1.313464	0	0	0	0	0	0	0	1	0	0	0	0	0	0	0	0	0	0	0	0	0	0	1
England MIA lowEEF	F	2225	United Kingdom	53.079803	-1.640942	0	0	0	0	0	0	0	0	0	0	0	0	0	0	0	0	1	0	0	0	0	0	1
England Mesolithic.SG	F	9257	United Kingdom	50.468169	-3.503071	0	0	0	0	0	0	0	0	0	0	0	0	0	0	0	0	0	1	0	0	0	0	1
England N	M	5006	United Kingdom	52.1794015	-2.192133	0	0	0	0	0	0	0	1	0	0	0	0	0	0	0	0	1	0	0	0	0	0	2
England N Megalithic	M	5600	United Kingdom	51.861211	-1.883011	0	0	0	0	0	0	0	0	0	0	0	0	0	0	0	0	1	0	0	0	0	0	1
England N o	M	5813	United Kingdom	51.31951	-2.94847	0	0	0	0	0	0	0	1	0	0	0	0	0	0	0	0	0	0	0	0	0	0	1
England Viking.SG	M	1010	United Kingdom	51.76	-1.26	0	0	0	0	0	0	0	2	1	0	0	0	0	0	0	0	1	0	0	0	0	0	4
England Viking lc.SG	M	1010	United Kingdom	51.76	-1.26	0	0	0	0	0	0	0	0	1	0	0	0	0	0	0	0	0	0	0	0	0	0	1
England Viking o.SG	M	1010	United Kingdom	51.76	-1.26	0	0	0	0	0	0	0	0	0	0	1	0	0	0	0	0	0	0	0	0	0	0	1
Estonia BA.SG	M	2946	Estonia	59.4393	25.0101	0	0	0	0	0	0	0	0	0	0	1	0	0	0	0	0	0	1	0	0	0	0	2
Estonia BA.SG 1d.rel.s19 V14 2.SG	M	3049	Estonia	59.4972	25.5114	0	0	0	0	0	0	0	0	0	0	0	0	0	0	0	0	1	0	0	0	0	0	1
Estonia CordedWare.SG o1	F	4442	Estonia	59.408	27.026	0	0	0	0	0	0	0	1	0	0	0	0	0	0	0	0	0	0	0	0	0	0	1
Estonia EMN Narva	M	6594	Estonia	58.272	26.052	0	0	0	0	0	0	0	0	0	0	0	0	0	0	0	0	0	1	0	0	0	0	1
Estonia EarlyViking.SG	M	1200	Estonia	58.17	22.25	0	0	0	0	0	0	0	3	0	0	1	0	0	0	0	0	2	1	0	0	0	0	7
Estonia IA.SG	M	2345	Estonia	58.3335	22.0196	0	0	0	0	0	0	0	1	0	0	0	0	0	0	0	0	0	0	0	0	0	0	1
Faroes EarlyModern.SG	F	350	Faroes	61.85	-6.8	0	0	0	0	0	0	0	1	0	0	0	0	0	0	0	0	0	0	0	0	0	0	1
Faroes EarlyModern 1d.rel.VK236.VK25.SG	M	350	Faroes	61.85	-6.8	0	0	0	0	0	0	0	1	0	0	0	0	0	0	0	0	0	0	0	0	0	0	1
France BA	M	3737	France	47.530731	-3.138309	0	0	0	0	0	0	0	0	0	0	0	0	0	0	0	1	0	0	0	0	0	0	1
France BellBeaker LowSteppe	M	4198	France	45.46	6.213	0	0	0	0	0	0	0	1	0	0	0	0	0	0	0	0	0	0	0	0	0	0	1
France EN MN o	M	7051	France	43.7	6.99	0	0	0	0	0	0	0	0	0	0	1	0	0	0	0	0	0	0	0	0	0	0	1
France GrandEst IA1.SG	F	2700	France	48.44526	7.67118	0	0	0	0	0	0	0	0	0	1	1	0	0	0	0	0	0	0	0	0	0	0	2
France GrandEst IA2	F	2200	France	48.80181	4.27874	0	0	0	0	0	0	0	0	0	0	1	0	0	0	0	0	0	0	0	0	0	0	1
France GrandEst IA2.SG	F	2290	France	48.07935	7.35851	0	0	0	0	0	0	0	1	0	0	0	0	0	0	0	0	0	0	0	0	0	0	1
France GrandEst LBA.SG	F	2825	France	47.98479	7.39916	0	0	0	0	0	0	0	0	0	0	0	0	0	0	0	0	0	1	0	0	0	0	1
France GrandEst MN.SG	F	6050	France	43.21817	2.4127	0	0	0	0	0	0	0	0	0	1	0	0	0	0	0	0	0	0	0	0	0	0	1
France GrandEst MN.SG	M	6600	France	48.49666	7.47052	0	0	0	0	0	0	0	0	0	0	1	0	0	0	0	0	0	1	0	0	0	0	2
France HautsDeFrance MN.SG	M	6065	France	49.39246	3.73641	0	0	0	0	0	0	0	1	0	0	0	0	0	0	0	0	0	0	0	0	0	0	1
France MN	F	6529	France	48.068	4.343999999999999	0	0	0	0	0	0	0	1	0	0	1	0	0	0	0	0	0	2	1	0	0	0	5
France MN	M	6401	France	49.19	-0.38	0	0	0	0	0	0	0	0	0	1	1	0	0	0	0	0	0	0	0	0	0	0	2
France MN 1	F	6065	France	43.3985	5.4615	0	0	0	0	0	0	0	0	0	0	0	0	0	0	0	0	1	1	0	0	0	0	2
France MontAime MLN.SG	M	5175	France	48.858672999999996	3.9961765	0	0	0	0	0	0	0	0	0	1	1	0	0	0	0	0	0	0	0	0	0	0	2
France MontAime MLN father.or.son.2H10.SG	M	5157	France	48.858472	3.995887	0	0	0	0	0	0	0	0	0	0	0	0	0	0	0	0	0	1	0	0	0	0	1
France N	M	5700	France	47.523479	-3.154599	0	0	0	0	0	0	0	0	0	0	0	0	0	0	0	0	0	0	1	0	0	0	1
France Occitanie MN.SG	F	6272	France	43.228350000000006	3.1755	0	0	0	0	0	0	0	1	0	0	0	0	0	0	0	0	0	0	1	0	0	0	2
France Ranchot88	F	10134	France	47.91	5.43	0	0	0	0	0	0	0	0	0	0	0	0	0	0	0	0	0	1	0	0	0	0	1
France SouthEast IA2	M	2250	France	43.53	5.27	0	0	0	0	0	0	0	1	0	0	0	0	0	0	0	0	0	0	0	0	0	0	1
Georgia Satsurblia.SG	M	13282	Georgia	42.38	42.59	0	0	0	0	0	0	0	0	0	0	1	0	0	0	0	0	0	0	0	0	0	0	1
Germany AltInden Saxon EMedieval	M	1350	Germany	50.846122	6.357818	0	0	0	0	0	0	0	0	0	0	0	0	0	0	0	0	0	1	0	0	0	0	1
Germany AltInden Saxon EMedieval father.or.son.IND001.A	M	1350	Germany	50.846122	6.357818	0	0	0	0	0	0	0	1	0	0	0	0	0	0	0	0	0	0	0	0	0	0	1
Germany Anderten Saxon Medieval daughter.ADN001.sister.ADN005.ADN009	F	1150	Germany	52.359733	9.869503	0	0	0	0	0	0	0	1	0	0	0	0	0	0	0	0	0	0	0	0	0	0	1
Germany Anderten Saxon Medieval father.ADN005.ADN003.ADN009	M	1150	Germany	52.359733	9.869503	0	0	0	0	0	0	0	1	0	0	0	0	0	0	0	0	0	0	0	0	0	0	1
Germany BellBeaker	F	4213	Germany	49.409659999999995	12.33004	0	0	0	0	0	0	0	4	0	0	0	0	0	0	0	0	0	0	0	1	0	0	5
Germany BellBeaker	M	4192	Germany	48.74606666666667	12.874266666666665	0	0	0	0	0	0	0	3	0	0	0	0	0	0	0	0	0	0	0	0	0	0	3
Germany CordedWare	F	4420	Germany	51.42	11.68	0	0	0	0	0	0	0	0	0	1	0	0	0	0	0	0	0	0	0	0	0	0	1
Germany CordedWare o1.SG	F	4627	Germany	48.932	12.259	0	0	0	0	0	0	0	0	0	1	0	0	0	0	0	0	0	0	0	0	0	0	1
Germany Drantum Saxon Medieval	F	1200	Germany	52.81474	8.192343	0	0	0	0	0	0	0	2	0	0	1	0	0	0	0	0	0	0	0	0	0	0	3
Germany Dunum Saxon Medieval dup.DUN001.A	M	1050	Germany	53.596232	7.645448	0	0	0	0	0	0	0	0	0	0	0	0	0	0	0	0	0	1	0	0	0	0	1
Germany Dunum Saxon Medieval dup.DUN001.B	M	1050	Germany	53.596232	7.645448	0	0	0	0	0	0	0	0	0	0	0	0	0	0	0	0	0	1	0	0	0	0	1
Germany EMedieval Alemanic SEurope	M	1345	Germany	48.541111	10.233056	0	0	0	0	0	0	0	0	0	0	0	0	0	0	0	0	1	0	0	0	0	0	1
Germany EN LBK	F	7068	Germany	50.4904165	9.9608335	0	0	0	0	0	0	0	1	0	0	0	0	0	2	0	0	1	0	0	0	0	0	4
Germany EN LBK	M	7060	Germany	48.78	9.18	0	0	0	0	0	0	0	0	0	0	0	0	0	0	0	0	0	1	0	0	0	0	1
Germany EN LBK Stuttgart.DG	F	7168	Germany	48.78	9.18	0	0	0	0	0	0	0	0	0	0	0	0	0	0	0	0	1	0	0	0	0	0	1
Germany EN LBK lc	M	7125	Germany	51.895833	11.046667	0	0	0	0	0	0	0	0	0	0	0	0	0	0	0	0	1	0	0	0	0	0	1
Germany EarlyMedieval.SG	M	1466	Germany	48.735	12.385	0	0	0	0	0	0	0	1	1	0	0	0	0	0	0	0	0	0	0	0	0	0	2
Germany EarlyMedieval o1.SG	F	1364	Germany	48.89	12.57	0	0	0	0	0	0	0	0	0	0	0	0	0	0	0	0	1	0	0	0	0	0	1
Germany Hiddestorf Saxon EMedieval	M	1550	Germany	52.280438	9.712492	0	0	0	0	0	0	0	0	0	0	1	0	0	0	0	0	0	0	0	0	0	0	1
Germany Lech BellBeaker	F	4347	Germany	48.31966	10.89153	0	0	0	0	0	0	0	0	0	0	1	0	0	0	0	0	0	0	0	0	0	0	1
Germany Lech BellBeaker	M	4250	Germany	48.31966	10.89153	0	0	0	0	0	0	0	0	0	1	0	0	0	0	0	0	0	0	0	0	0	0	1
Germany Lech BellBeaker lc	F	4334	Germany	48.31966	10.89153	0	0	0	0	0	0	0	1	0	0	0	0	0	0	0	0	0	0	0	0	0	0	1
Germany Lech BellBeaker possible.contam	F	4167	Germany	48.32852	10.89819	0	0	0	0	0	0	0	1	0	0	0	0	0	0	0	0	0	0	0	0	0	0	1
Germany Lech EBA	F	3796	Germany	48.244685000000004	10.86178	0	0	0	0	0	0	0	0	0	0	0	0	0	0	0	0	0	0	1	0	1	0	2
Germany Lech EBA	M	3917	Germany	48.29573	10.89103	0	0	0	0	0	0	0	0	0	0	1	0	0	0	0	0	0	0	0	0	0	0	1
Germany Lech EBA contam	M	3906	Germany	48.26656	10.87857	0	0	0	0	0	0	0	0	0	0	1	0	0	0	0	0	0	0	0	0	0	0	1
Germany Lech EBA o2 lc	F	3926	Germany	48.26656	10.87857	0	0	0	0	0	0	0	0	0	0	1	0	0	0	0	0	0	1	0	0	0	0	2
Germany Lech EBA possible.contam	F	3912	Germany	48.283076666666666	10.882889999999998	0	0	0	0	0	0	0	1	0	0	1	0	0	0	0	0	0	1	0	0	0	0	3
Germany Lech EBA sister.AITI 77B lc	F	3828	Germany	48.22281	10.84499	0	0	0	0	0	0	0	0	1	0	0	0	0	0	0	0	0	0	0	0	0	0	1
Germany Lech EBA sister.AITI 77B possible.contam	F	3828	Germany	48.22281	10.84499	0	0	0	0	0	0	0	0	1	0	0	0	0	0	0	0	0	0	0	0	0	0	1
Germany Lech MBA	M	3709	Germany	48.22519	10.84977	0	0	0	0	0	0	0	1	0	0	0	0	0	0	0	0	0	0	0	0	0	0	1
Germany Lech MBA lc	F	3572	Germany	48.22519	10.84977	0	0	0	0	0	0	0	1	0	0	0	0	0	0	0	0	0	0	0	0	0	0	1
Germany MN	M	5350	Germany	51.6	8.25	0	0	0	0	0	0	0	0	0	1	0	0	0	0	0	0	0	0	0	0	0	0	1
Germany MN Salzmuende	F	5164	Germany	51.533056	11.833056	0	0	0	0	0	0	0	1	0	0	0	0	0	0	0	0	0	0	0	0	0	0	1
Germany Ofnet lc	F	8277	Germany	48.49	10.27	0	0	0	0	0	0	0	0	0	0	0	0	0	0	0	0	0	1	0	0	0	0	1
Germany Saxony LBK N	F	6950	Gernamy	51.87	10.91	0	0	0	0	0	0	0	0	0	0	1	0	0	1	0	0	0	0	0	0	0	0	2
Germany Saxony LBK N	M	6950	Gernamy	51.87	10.91	0	0	0	0	0	0	0	1	0	0	0	0	0	0	0	0	0	0	0	0	0	0	1
Germany Saxony LBK N 1d.rel.DER018	F	6950	Gernamy	51.87	10.91	0	0	0	0	0	0	0	0	0	0	0	0	0	0	0	0	0	0	0	0	1	0	1
Germany Schleswig Saxon LMedieval	M	800	Germany	54.520535	9.559718	0	0	0	0	0	0	0	1	0	0	0	0	0	0	0	0	0	1	0	0	0	0	2
Germany SouthernGermany Singen EBA	F	3877	Germany	47.767097	8.872239	0	0	0	0	0	0	0	2	0	0	0	0	0	0	0	0	0	0	0	0	0	0	2
Germany SouthernGermany Singen EBA	M	3758	Germany	47.767097	8.872239	0	0	0	0	0	0	0	1	0	0	0	0	0	0	0	0	0	0	0	0	0	0	1
Germany Tauber CordedWare lc	F	4425	Germany	49.468332	9.744072	0	0	0	0	0	0	0	0	0	0	1	0	0	0	0	0	0	0	0	0	0	0	1
Germany Tauber CordedWare lc	M	4453	Germany	49.468332	9.744072	0	0	0	0	0	0	0	0	0	0	0	0	0	0	0	0	0	1	0	0	0	0	1
Germany Tollense BA.SG	M	3200	Germany	53.74	13.31	0	0	0	0	0	0	0	0	0	0	0	0	0	0	0	0	1	0	0	0	0	0	1
Greece Delphi BA Mycenaean	F	3200	Greece	38.399083	22.575	0	0	0	0	0	0	0	0	0	0	0	0	0	0	0	0	0	1	0	0	0	0	1
Greece Minoan Odigitria	F	3895	Greece	35.051389	24.813611	0	0	0	0	0	0	0	0	0	0	1	0	0	0	0	0	0	0	0	0	0	0	1
Greece N.SG	F	8316	Greece	39.4886	20.9177	0	0	0	0	0	0	0	0	0	0	0	0	0	0	0	0	0	0	0	0	1	0	1
Greenland EarlyNorse.SG	F	1103	Greenland	64.25	-50.1	0	0	0	0	0	0	0	0	0	0	0	0	0	0	0	0	0	1	0	0	0	0	1
Greenland LateNorse lc.SG	F	845	Greenland	64.25	-50.1	0	0	0	0	0	0	0	0	1	0	0	0	0	0	0	0	0	0	0	0	0	0	1
Guam LateLatte	F	616	Guam	13.576983	144.831288	0	0	0	0	1	0	0	0	0	0	0	0	0	0	0	0	0	0	0	0	0	0	1
Guam LateUnai	F	2581	Guam	13.519983	144.806559	0	1	0	0	1	0	0	0	0	0	0	0	0	0	0	0	0	0	0	0	0	0	2
Guam Latte	F	489	Guam	13.519983000000002	144.806559	0	0	0	0	6	0	0	0	0	0	0	0	0	0	0	0	0	0	0	0	0	0	6
Guam Latte	M	527	Guam	13.519983000000002	144.806559	0	0	0	0	3	0	0	0	0	0	0	0	0	0	0	0	0	0	0	0	0	0	3
Guam Latte brother.I24529	M	500	Guam	13.519983	144.806559	0	0	0	0	1	0	0	0	0	0	0	0	0	0	0	0	0	0	0	0	0	0	1
Guam Latte mother.or.daughter.I24518.I24581	F	525	Guam	13.519983	144.806559	0	0	0	0	1	0	0	0	0	0	0	0	0	0	0	0	0	0	0	0	0	0	1
Guam Latte sister.I24574	F	475	Guam	13.519983	144.806559	0	0	0	0	1	0	0	0	0	0	0	0	0	0	0	0	0	0	0	0	0	0	1
Guam PreLatte	F	1565	Guam	13.519983	144.806559	0	0	0	0	1	0	0	0	0	0	0	0	0	0	0	0	0	0	0	0	0	0	1
Haiti Diale1 Ceramic	F	950	Haiti	19.66	-71.84	0	0	0	1	0	0	0	0	0	0	0	0	0	0	0	0	0	0	0	0	0	0	1
Hungary Avar 5	F	1360	Hungary	46.283333	17.85	0	0	0	0	0	0	0	0	0	0	0	0	0	0	0	0	0	0	0	0	1	0	1
Hungary BA.SG	M	3850	Hungary	46.283333	17.85	0	0	0	0	0	0	0	0	0	1	0	0	0	0	0	0	0	0	0	0	0	0	1
Hungary C Balaton Lasinja	F	6086	Hungary	45.993	18.58127	0	0	0	0	0	0	0	0	0	0	0	0	0	0	0	0	1	0	0	0	0	0	1
Hungary C Balaton Lasinja	M	6231	Hungary	47.102645	17.912987	0	0	0	0	0	0	0	1	0	0	0	0	0	0	0	0	0	0	0	0	0	0	1
Hungary Conqueror Commoner	F	958	Hungary	46.90336333333334	19.186073333333333	0	0	0	0	0	0	0	1	0	1	0	0	0	0	0	0	0	1	0	0	0	0	3
Hungary Conqueror Commoner	M	1008	Hungary	47.07167666666667	20.48761	0	0	0	0	0	0	0	1	0	0	1	0	0	0	0	0	1	0	0	0	0	0	3
Hungary Conqueror Elite	F	1000	Hungary	46.36556	20.18361	0	0	0	0	0	0	0	1	0	0	0	0	0	0	0	0	0	0	0	0	0	0	1
Hungary Conqueror Elite	M	985	Hungary	47.603368571428575	20.47686428571429	1	0	1	1	0	0	0	0	0	1	1	0	0	0	0	0	0	2	0	0	0	0	7
Hungary DanubeTisza EAvar	M	1300	Hungary	47.0484835	19.231274499999998	0	0	0	1	0	1	0	0	0	0	0	0	0	0	0	0	0	0	0	0	0	0	2
Hungary DanubeTisza LAvar	M	1250	Hungary	46.750679	19.738192	0	0	1	0	0	0	0	0	0	0	0	0	0	0	0	0	0	0	0	0	0	0	1
Hungary DanubeTisza LSarmation EHun	F	1500	Hungary	46.858919	19.718868	0	0	1	0	0	0	0	0	0	0	0	0	0	0	0	0	0	0	0	0	0	0	1
Hungary DanubeTisza MAvar	F	1250	Hungary	47.254721	19.6356	0	0	0	0	0	0	0	1	0	0	0	0	0	0	0	0	0	0	0	0	0	0	1
Hungary EBA BellBeaker	M	4299	Hungary	47.59916	19.05456	0	0	0	0	0	0	0	0	0	0	0	0	0	0	0	0	0	0	1	0	0	0	1
Hungary EBA Protonagyrev	M	4011	Hungary	47.429954	19.051966	0	0	0	0	0	0	0	1	0	0	0	0	0	0	0	0	0	0	0	0	0	0	1
Hungary EIA	M	2809	Hungary	47.353728	16.794725	0	0	0	0	0	0	0	1	0	0	0	0	0	0	0	0	0	0	0	0	0	0	1
Hungary EN Koros o	F	7591	Hungary	47.318741	21.527443	0	0	0	0	0	0	0	0	0	0	1	0	0	0	0	0	0	0	0	0	0	0	1
Hungary EN Starcevo 1	M	7558	Hungary	46.208562	18.700047	0	0	0	0	0	0	0	0	0	0	0	0	0	1	0	0	0	0	0	0	0	0	1
Hungary EarlyArpadian	F	917	Hungary	46.98158333333333	20.223126666666666	0	0	0	0	0	0	0	2	0	0	0	0	0	0	0	0	0	1	0	0	0	0	3
Hungary EarlyAvar	F	1305	Hungary	46.3335	19.5315	0	0	0	0	0	0	0	0	0	0	1	0	0	0	0	0	0	0	0	0	0	0	1
Hungary EarlyAvar	M	1274	Hungary	46.817327500000005	20.21148	0	0	0	0	0	0	0	1	0	1	1	0	0	0	0	0	0	1	0	0	0	0	4
Hungary EarlyAvar Elite	F	1367	Hungary	47.21897	19.37753	0	0	0	0	0	0	0	0	0	0	0	0	0	1	0	0	0	0	0	0	0	0	1
Hungary EarlyC Tiszapolgar	M	6200	Hungary	47.45925	20.51282	0	0	0	0	0	0	0	0	0	0	0	0	0	0	0	0	1	0	0	0	0	0	1
Hungary EarlyC Tiszapolgar Bodrogkeresztur	M	6273	Hungary	47.191612	20.402331	0	0	0	0	0	0	0	1	0	0	0	0	0	0	0	0	0	0	0	0	0	0	1
Hungary IA LaTene o	M	2250	Hungary	47.353728	16.794725	0	0	0	0	0	0	0	0	0	0	0	0	0	0	0	0	1	0	0	0	0	0	1
Hungary IA LaTene oEast	M	2210	Hungary	47.647501	16.629722	0	0	0	0	0	0	0	0	0	0	0	0	0	0	0	0	0	1	0	0	0	0	1
Hungary IA LaTene oWest	F	2210	Hungary	47.647501	16.629722	0	0	0	0	0	0	0	0	0	0	0	0	0	0	0	0	0	1	0	0	0	0	1
Hungary IA Scythian.SG	F	2472	Hungary	47.559444	20.708056	0	0	0	0	0	0	0	1	0	0	0	0	0	0	0	0	0	0	0	0	0	0	1
Hungary LBA	M	2875	Hungary	47.353728	16.794725	0	0	0	0	0	0	0	1	0	0	0	0	0	0	0	0	0	0	0	0	0	0	1
Hungary LN Tisza	M	6700	Hungary	46.3941	20.244951	0	0	0	0	0	0	0	0	0	0	1	0	0	0	0	0	0	0	0	0	0	0	1
Hungary Langobard	M	1442	Hungary	46.283333	17.85	0	0	0	0	0	0	0	0	0	0	0	0	0	0	0	0	0	1	0	0	0	0	1
Hungary Langobard.SG	M	1442	Hungary	46.283333	17.85	0	0	0	0	0	0	0	0	0	0	1	0	0	0	0	0	1	0	0	0	0	0	2
Hungary LateAvar	F	1179	Hungary	47.054206666666666	20.628781666666665	0	0	0	0	0	0	1	0	0	0	0	0	0	0	0	0	2	1	0	0	1	1	6
Hungary LateAvar	M	1242	Hungary	46.5338075	20.1275075	1	0	0	0	0	0	0	1	0	0	0	0	0	0	0	0	0	2	0	0	0	0	4
Hungary LateC Baden	M	5175	Hungary	46.78469	17.731714	0	0	0	0	0	0	0	0	0	0	1	0	0	0	0	0	0	0	0	0	0	0	1
Hungary LateC EBA Baden Yamnaya	M	5100	Hungary	47.809892	20.889267	0	0	0	0	0	0	0	1	0	0	0	0	0	0	0	0	0	0	0	0	0	0	1
Hungary LateC Protoboleraz	F	5625	Hungary	47.189141	20.004795	0	0	0	0	0	0	0	0	0	0	0	0	0	1	0	0	0	0	0	0	0	0	1
Hungary MBA Vatya.SG	F	3625	Hungary	47.341	18.896	0	0	0	0	0	0	0	1	0	0	0	0	0	0	0	0	0	1	0	0	0	0	2
Hungary MN ALPc Bukk	F	7077	Hungary	48.52	21.168	0	0	0	0	0	0	0	0	0	0	0	0	0	0	0	0	0	0	0	0	1	0	1
Hungary MN ALPc Szakalhat	F	7050	Hungary	47.178841	19.860515	0	0	0	0	0	0	0	0	0	1	0	0	0	0	0	0	0	0	0	0	0	0	1
Hungary MN LBK lc	F	7050	Hungary	46.736119	18.958091	0	0	0	0	0	0	0	1	0	0	0	0	0	0	0	0	0	0	0	0	0	0	1
Hungary MN Vinca	F	7150	Hungary	45.5853	18.30771	0	0	0	0	0	0	0	0	0	0	0	0	0	0	0	0	0	1	0	0	0	0	1
Hungary Maros EBA.SG	F	3751	Hungary	46.22	20.199	0	0	0	0	0	0	0	0	0	0	1	0	0	0	0	0	0	0	0	0	0	0	1
Hungary MidAvar	M	1252	Hungary	46.25375	19.828609999999998	0	0	0	0	0	0	0	1	0	0	0	0	0	0	0	1	0	0	0	0	0	0	2
Hungary MidAvar oEastAsiaHigh	F	1259	Hungary	46.286	19.10192	0	0	0	0	0	0	0	0	0	0	1	0	0	0	0	0	0	0	0	0	0	0	1
Hungary NorthHungaryMountains LAvar	M	1200	Hungary	47.767195	20.021645	0	0	0	0	0	0	0	0	0	1	0	0	0	0	0	0	0	0	0	0	0	0	1
Hungary Starcevo EN	M	6450	Hungary	46.22481	18.80311	0	0	0	0	0	0	0	1	0	0	0	0	0	0	0	0	0	0	0	0	0	0	1
Hungary Transtisza EAvar	M	1300	Hungary	46.861303	20.556284	0	0	0	1	0	0	0	0	0	0	0	0	0	0	0	0	0	0	0	0	0	0	1
Hungary Transtisza LSarmation EHun oEast	F	1550	Hungary	47.857447	21.357433	0	0	0	0	0	0	0	1	0	0	0	0	0	0	0	0	0	0	0	0	0	0	1
Iceland Early Christian.SG	M	603	Iceland	65.437602	-14.602639	0	0	0	0	0	0	0	1	0	0	0	0	0	0	0	0	0	0	0	0	0	0	1
Iceland Pre Christian.SG	M	1020	Iceland	65.814429	-17.363671500000002	0	0	0	0	0	0	0	0	1	0	0	0	0	0	0	0	1	0	0	0	0	0	2
Iceland Viking.SG	F	850	Iceland	65.61	-17.16	0	0	0	0	0	0	0	0	0	0	0	0	0	0	0	0	1	0	0	0	0	0	1
India RoopkundA	M	1023	India	30.247205	79.737396	0	0	0	0	0	0	0	1	0	0	0	0	0	0	0	0	0	0	0	0	0	0	1
India RoopkundB	M	131	India	30.247205	79.737396	0	0	0	0	0	0	0	0	0	0	1	0	0	0	0	0	0	0	0	0	0	0	1
Indonesia Kayoa GuaUattamdi N	M	1824	Indonesia	0.02	127.41	0	0	0	0	1	0	0	0	0	0	0	0	0	0	0	0	0	0	0	0	0	0	1
Indonesia LN BA IA.WGC	F	1827	Indonesia	4.6454	96.856	0	0	0	0	0	1	0	0	0	0	0	0	0	0	0	0	0	0	0	0	0	0	1
Iran C TepeHissar	F	5124	Iran	36.154444	54.383611	0	0	0	0	0	0	0	0	0	1	0	0	0	0	0	0	0	1	0	0	0	0	2
Iran C TepeHissar	M	4707	Iran	36.154444	54.383611	0	0	0	0	0	0	0	0	0	0	0	0	0	0	0	0	0	0	0	1	0	0	1
Iran DinkhaTepe BA IA 2	F	3291	Iran	37.007863	45.165759	0	0	0	0	0	0	0	0	0	0	0	0	0	0	0	0	1	0	0	0	0	0	1
Iran GanjDareh N	M	9800	Iran	34.45	48.116	0	0	0	0	0	0	0	0	0	1	0	0	0	0	0	0	0	0	0	0	0	0	1
Iran HajjiFiruz BA noUDG	F	4312	Iran	36.9944	45.4744	0	0	0	0	0	0	0	0	1	0	0	0	0	0	0	0	0	0	0	0	0	0	1
Iran Hasanlu IA noUDG	F	3151	Iran	37.005	45.459	0	0	0	0	0	0	0	0	0	0	0	0	0	0	0	0	1	0	0	0	0	0	1
Iran Hasanlu IA noUDG	M	2753	Iran	37.005	45.459	0	0	0	0	0	0	0	1	0	0	0	0	0	0	0	0	0	0	0	0	0	0	1
Iran ShahrISokhta BA1	F	4600	Iran	30.649857	61.400311	0	0	0	0	0	0	0	0	0	0	0	0	0	0	0	0	1	0	0	0	0	0	1
Iran ShahrISokhta BA2	M	5000	Iran	30.649857	61.400311	0	0	0	0	0	0	0	0	0	0	0	0	0	0	0	0	0	1	0	0	0	0	1
Iran ShahrISokhta BA2 contam lc	M	4600	Iran	30.649857	61.400311	0	0	0	0	0	0	0	1	0	0	0	0	0	0	0	0	0	0	0	0	0	0	1
Iran ShahrISokhta BA2 lc	F	4600	Iran	30.649857	61.400311	0	0	0	0	0	0	0	0	0	0	0	0	0	0	0	1	0	0	0	0	0	0	1
Ireland EBA.SG	M	3700	Ireland	55.292132	-6.191685	0	0	0	0	0	0	0	0	0	1	0	0	0	0	0	0	0	1	0	0	0	0	2
Ireland EN.SG	M	5705	Ireland	53.04866	-9.140049	0	0	0	0	0	0	0	0	0	0	0	0	0	0	0	0	0	1	0	0	0	0	1
Ireland EN MN.SG	M	5558	Ireland	53.04866	-9.140049	0	0	0	0	0	0	0	0	0	0	0	0	0	0	0	0	0	1	0	0	0	0	1
Ireland Kilteasheen AngloSaxon EMedieval Norman	F	950	Ireland	54.00684	-8.202308	0	0	0	0	0	0	0	1	0	0	0	0	0	0	0	0	0	0	0	0	0	0	1
Ireland Kilteasheen AngloSaxon EMedieval Norman	M	950	Ireland	54.00684	-8.202308	0	0	0	0	0	0	0	2	1	0	0	0	0	0	0	0	1	0	1	0	0	0	5
Ireland MN.SG	M	5442	Ireland	52.985499	-9.111454	0	0	0	0	0	0	0	0	0	0	0	0	0	0	0	0	1	0	0	0	0	0	1
Ireland Megalithic.SG	M	5517	Ireland	54.251	-8.519	0	0	0	0	0	0	0	0	0	0	0	0	0	0	0	0	1	0	0	0	0	0	1
Ireland Viking.SG	F	1100	Ireland	53.39	-6.3	0	0	0	0	0	0	0	1	0	0	0	0	0	0	0	0	0	0	0	0	0	0	1
Israel C	F	5950	Israel	32.974167	35.331389	0	0	0	0	0	0	0	0	0	0	0	0	0	0	0	0	1	0	0	0	0	0	1
Israel C	M	5950	Israel	32.974167	35.331389	0	0	0	0	0	0	0	0	0	0	1	0	0	0	0	1	0	0	0	0	0	0	2
Israel MLBA	M	3405	Israel	32.632511	35.116997	0	0	0	0	0	0	0	4	0	0	0	0	0	0	0	0	0	0	0	0	0	0	4
Israel MLBA sister.I10101	F	3500	Israel	32.584722	35.016944	0	0	0	0	0	0	0	0	0	0	0	0	0	0	0	0	0	1	0	0	0	0	1
Italy Basilicata Venosa	M	1250	Italy	40.968228	15.827097	0	0	0	0	0	0	0	0	0	1	0	0	0	0	0	0	0	0	0	0	0	0	1
Italy IA Republic.SG	M	2350	Italy	41.795242	12.778956	0	0	0	0	0	0	0	1	0	0	0	0	0	0	0	0	0	0	0	0	0	0	1
Italy Imperial.SG	F	1750	Italy	41.86829975	12.57091625	0	0	0	0	0	0	0	1	0	1	0	0	0	0	0	0	1	1	0	0	0	0	4
Italy Imperial.SG	M	1814	Italy	43.312035	13.651164	0	0	0	0	0	0	0	1	0	0	0	0	0	0	0	0	0	0	0	0	0	0	1
Italy Imperial o4.SG	M	1814	Italy	42.065902	12.586647	0	0	0	0	0	0	0	0	0	0	1	0	0	0	0	0	0	0	0	0	0	0	1
Italy LA.SG	F	1450	Italy	41.755226	12.294893	0	0	0	0	0	0	0	1	0	0	0	0	0	0	0	0	0	0	0	0	0	0	1
Italy LA.SG	M	1450	Italy	41.906031	12.474232	0	0	0	0	0	0	0	2	0	0	0	1	0	0	0	0	0	0	0	0	0	0	3
Italy LA o1CentralEuropean.SG	M	1450	Italy	41.906031	12.474232	0	0	0	0	0	0	0	0	0	0	1	0	0	0	0	0	0	0	0	0	0	0	1
Italy Lazio Viterbo EarlyMedieval	F	1109	Italy	42.249972	11.767892	0	0	0	0	0	0	0	0	0	0	0	0	0	0	0	0	0	0	0	0	1	0	1
Italy Lazio Viterbo Imperial	M	1564	Italy	42.249972	11.767892	0	0	0	0	0	0	0	0	0	0	0	0	0	0	0	0	0	0	0	0	1	0	1
Italy Medieval EarlyModern.SG	F	840	Italy	41.687731	13.086495	0	0	0	0	0	0	0	0	0	0	0	0	0	0	0	0	1	0	0	0	0	0	1
Italy Medieval EarlyModern.SG	M	718	Italy	41.687731	13.086495	0	0	0	0	0	0	0	2	0	0	0	0	0	0	0	0	0	0	0	0	0	0	2
Italy Medieval EarlyModern oCentralEuropean.SG	F	525	Italy	41.896498	12.471866	0	0	0	0	0	0	0	0	0	0	1	0	0	0	0	0	0	0	0	0	0	0	1
Italy Medieval EarlyModern oCentralEuropean.SG	M	740	Italy	41.7921145	12.779180499999999	0	0	0	0	0	0	0	1	0	0	1	0	0	0	0	0	0	0	0	0	0	0	2
Italy Mesolithic.SG	M	10706	Italy	41.96	13.54	0	0	0	0	0	0	0	0	0	0	0	0	0	0	0	0	0	1	0	0	0	0	1
Italy North Remedello EBA.SG	M	3902	Italy	45.26	10.379	0	0	0	0	0	0	0	0	0	1	0	0	0	0	0	0	0	0	0	0	0	0	1
Italy Ordona Daunian.SG	M	2507	Italy	15.633	41.3167	0	0	0	0	0	0	0	0	1	0	0	0	0	0	0	0	0	0	0	0	0	0	1
Italy Ordona Daunian.SG daughter.SAL011.SG	F	2389	Italy	15.633	41.3167	0	0	0	0	0	0	0	0	0	0	0	0	0	0	0	0	0	1	0	0	0	0	1
Italy Ordona Medieval.SG	F	870	Italy	15.633	41.3167	0	0	0	0	0	0	0	0	0	0	0	0	0	0	0	0	0	0	0	0	1	0	1
Italy Salapia Daunian.SG	F	2289	Italy	16.02556	41.381389	0	0	0	0	0	0	0	0	0	0	1	0	0	0	0	0	0	0	0	0	0	0	1
Italy Sardinia BA Nuragic	M	3226	Italy	39.667222	9.426111	0	0	0	0	0	0	0	1	0	0	0	0	0	0	0	0	0	0	0	0	0	0	1
Italy Sardinia EBA	F	4095	Italy	40.3401485	8.839889	0	0	0	0	0	0	0	1	0	0	0	0	0	0	0	0	0	1	0	0	0	0	2
Italy Sardinia EBA	M	3898	Italy	40.338482	8.838755500000001	0	0	0	0	0	0	0	0	0	0	1	0	0	0	0	0	0	0	0	0	1	0	2
Italy Sardinia EBA dup.SUC006.SG	M	4347	Italy	40.810104	8.442207	0	0	0	0	0	0	0	1	0	0	0	0	0	0	0	0	0	0	0	0	0	0	1
Italy Sardinia EBA o	F	3881	Italy	39.87	9.2356	0	0	0	0	0	0	0	1	0	0	0	0	0	0	0	0	0	0	0	0	0	0	1
Italy Sardinia IA 2	F	2576	Italy	40.626667	8.323056	0	0	0	0	0	0	0	0	0	1	0	0	0	0	0	0	0	0	0	0	0	0	1
Italy Sardinia N	F	5571	Italy	40.626667	8.323056	0	0	0	0	0	0	0	0	0	2	0	0	0	0	0	0	0	1	0	0	0	0	3
Italy Sardinia N	M	5196	Italy	40.6253545	8.479875499999999	0	0	0	0	0	0	0	1	0	0	1	0	0	0	0	0	0	0	0	0	0	0	2
Italy Sardinia N contam	M	5575	Italy	40.626667	8.323056	0	0	0	0	0	0	0	0	0	0	0	0	0	0	0	1	0	0	0	0	0	0	1
Italy Sicily EBA	M	3978	Italy	37.908	13.478	0	0	0	0	0	0	0	1	0	0	1	0	0	0	0	0	0	0	0	0	0	0	2
Italy Sicily LBA	F	3207	Italy	37.68	12.789	0	0	0	0	0	0	0	0	0	0	2	0	0	0	0	0	0	0	0	0	0	0	2
Italy Sicily MN	F	6815	Italy	37.724	12.916	0	0	0	0	0	0	0	1	0	0	0	0	0	0	0	0	0	0	0	0	0	0	1
Italy Sicily N Stentinello	M	7245	Italy	38.11	12.7866	0	0	0	0	0	0	0	0	0	0	0	0	0	0	0	0	0	1	0	0	0	0	1
Italy Tuscany Grosseto Etruscan	F	2713	Italy	42.920709	10.971394	0	0	0	0	0	0	0	0	0	1	0	0	0	0	0	0	1	0	0	0	0	0	2
Italy Tuscany Grosseto Etruscan	M	2422	Italy	42.977014	11.152167	0	0	0	0	0	0	0	1	0	1	0	0	0	0	0	0	0	0	0	0	0	0	2
Italy Tuscany Grosseto Imperial	M	1638	Italy	42.53848	11.33358	0	0	0	0	0	0	0	1	0	0	0	0	0	0	0	0	0	0	0	0	0	0	1
Italy Tuscany Siena EarlyMedieval	M	1000	Italy	43.017037	11.948444	0	0	0	0	0	0	0	1	0	0	0	0	0	0	0	0	0	0	0	0	0	0	1
Japan HG Jomon	F	4351	Japan	35.55	140.157	0	0	0	0	0	0	0	0	0	0	0	0	0	1	0	0	0	0	0	0	0	0	1
Japan Honshu EarlyJomon.SG	M	6020	Japan	36.72122	137.16677	0	0	0	0	0	0	0	0	0	0	0	0	2	0	0	0	0	0	0	0	0	0	2
Japan Honshu Kofun.SG	F	1338	Japan	36.61895	136.70233	0	0	0	1	0	0	0	0	0	0	0	0	0	0	0	0	0	0	0	0	0	0	1
Japan Shikoku InitialJomon.SG	F	8820	Japan	33.6134	132.9746	0	0	0	0	0	0	0	0	0	0	0	0	0	1	0	0	0	0	0	0	0	0	1
Jordan PPNC 1d.rel.I1699	F	8700	Jordan	31.988	35.976	0	0	0	0	0	0	0	0	0	0	0	0	0	0	0	1	0	0	0	0	0	0	1
Kazakhstan Berel IA	F	1886	Kazakhstan	49.33	85.79	0	1	0	0	0	0	0	0	0	0	0	0	0	0	0	0	0	0	0	0	0	0	1
Kazakhstan Botai Eneolithic	F	5396	Kazakhstan	53.166667	67.666667	0	0	0	0	0	0	0	0	0	0	0	0	0	0	0	0	0	0	0	0	0	1	1
Kazakhstan Botai Eneolithic.SG	F	5396	Kazakhstan	53.305983	67.648166	0	0	0	0	0	0	0	0	0	0	0	0	0	0	0	0	0	0	0	0	0	1	1
Kazakhstan Central Steppe EMBA.SG	F	4108	Kazakhstan	51.631339	74.66445	0	0	1	0	0	0	0	0	0	0	0	0	0	0	0	0	0	0	0	0	0	0	1
Kazakhstan Kangju.SG	M	1688	Kazakhstan	42.593056	68.050556	0	0	0	0	0	0	0	0	0	0	0	0	0	0	0	0	0	1	0	0	0	0	1
Kazakhstan Kumsay EBA	F	4937	Kazakhstan	49.49	58.51	0	0	1	0	0	0	0	0	0	0	0	0	0	0	0	0	0	0	0	0	0	0	1
Kazakhstan MLBA Aktogai	M	3508	Kazakhstan	46.965867	80.034733	0	0	0	0	0	0	0	0	0	0	0	0	0	0	0	0	0	1	0	0	0	0	1
Kazakhstan MLBA OyDzhaylau	F	3695	Kazakhstan	42.689433	73.117483	0	0	0	0	0	0	0	0	0	0	0	0	0	0	0	0	0	1	0	0	0	0	1
Kazakhstan MLBA Zevakinskiy	M	3445	Kazakhstan	50.2249	81.836783	0	0	0	0	0	0	0	0	0	0	0	0	0	0	0	0	0	1	0	0	0	0	1
Kazakhstan Maitan MLBA Alakul	M	3715	Kazakhstan	50.09	74.44	0	0	0	0	0	0	0	0	0	0	0	0	0	0	0	0	0	1	0	0	0	0	1
Kazakhstan Mereke MBA	M	4046	Kazakhstan	50.770236	49.340042	0	0	0	0	0	0	0	0	0	0	0	0	0	0	0	0	0	1	0	0	0	0	1
Kazakhstan Sarmatian.SG	M	1948	Kazakhstan	51.695	65.671389	0	0	0	0	0	0	0	0	0	0	0	0	0	0	0	0	0	1	0	0	0	0	1
Kazakhstan Sarmatian IA	F	2300	Kazakhstan	48.24	58.94	0	0	0	0	0	0	0	0	1	0	0	0	0	0	0	0	0	1	0	0	0	0	2
Kazakhstan Sarmatian IA	M	2350	Kazakhstan	43.7	51.33	0	0	0	0	0	0	0	0	0	0	0	0	0	0	0	0	0	1	0	0	0	0	1
Kazakhstan Shoendykol MLBA Fedorovo	F	3100	Kazakhstan	50.82	75.6	0	0	0	0	0	0	0	0	0	0	0	0	0	0	0	0	0	1	0	0	0	0	1
Kazakhstan Tasmola EIA	F	2585	Kazakhstan	48.28	75.36	0	0	0	0	0	0	0	0	1	0	0	0	0	0	0	0	0	0	0	0	0	0	1
Kazakhstan Tasmola EIA	M	2550	Kazakhstan	49.09	75.85	0	0	0	0	0	0	0	0	0	0	0	0	0	0	0	0	0	1	0	0	0	0	1
Kazakhstan TianShan Hun o.SG	M	1616	Kazakhstan	42.990556	79.369167	0	0	0	1	0	0	0	0	0	0	0	0	0	0	0	0	0	0	0	0	0	0	1
Kazakhstan Wusun LateSaka dup.I11524.SG	F	2069	Kazakhstan	43.068611	68.248889	0	0	1	0	0	0	0	0	0	0	0	0	0	0	0	0	0	0	0	0	0	0	1
Kazakhstan Zevakinskiy BA	M	3968	Kazakhstan	50.2249	81.836783	0	0	0	0	0	0	0	0	0	0	0	0	0	0	0	0	1	0	0	0	0	0	1
Kazakhstan Zevakinskiy LBA o	M	3035	Kazakhstan	50.2249	81.836783	0	0	0	0	0	0	0	0	0	0	0	0	0	0	0	0	0	1	0	0	0	0	1
Kazakhstann OtrarCulture LIA o	M	1622	Kazakhstan	41.41	68.8	0	0	0	0	0	0	0	0	0	0	0	0	0	0	0	0	0	1	0	0	0	0	1
Kenya PastoralN Nderit possible	M	4200	Kenya	3.132	37.433	0	0	0	0	0	0	0	0	0	0	0	1	0	0	0	0	0	0	0	0	0	0	1
Kyrgyzstan Chuy KaraDjigach BlackDeath Medieval	F	634	Kyrgyzstan	42.806022	74.685769	0	1	0	0	0	0	0	1	0	0	0	0	0	0	0	0	0	0	0	0	0	0	2
Kyrgyzstan Modern Nomad.SG	M	139	Kyrgyzstan	42.074444	76.966667	0	0	0	0	0	0	0	1	0	0	0	0	0	0	0	0	0	0	0	0	0	0	1
Kyrgyzstan Saka IA	F	2406	Kyrgyzstan	42.2	75.52	0	0	0	0	0	0	0	0	0	0	0	0	0	0	0	0	0	1	0	0	0	0	1
Kyrgyzstan TianShan Hun o.SG	M	1656	Kyrgyzstan	41.615	74.985833	1	0	0	0	0	0	0	0	0	0	0	0	0	0	0	0	0	0	0	0	0	0	1
Latvia BA	F	2559	Latvia	56.852	24.272	0	0	0	0	0	0	0	1	0	0	0	0	0	0	0	0	0	0	0	0	0	0	1
Latvia BA	M	2544	Latvia	56.852	24.272	0	0	0	0	0	0	0	0	0	1	0	0	0	0	0	0	0	1	0	0	0	0	2
Latvia HG	M	7670	Latvia	56.2833	25.1333	0	0	0	0	0	0	0	0	0	0	0	0	0	0	0	0	0	1	0	0	0	0	1
Lebanon Medieval o4.SG	M	851	Lebanon	33.560556	35.398056	0	0	0	0	0	0	0	0	0	0	0	0	0	0	0	0	1	0	0	0	0	0	1
Lithuania EMN Narva	F	6569	Lithuania	55.808	22.422	0	0	0	0	0	0	0	0	0	0	0	0	0	0	0	0	0	1	0	0	0	0	1
Lithuania EMN Narva	M	6150	Lithuania	55.26	26.098	0	0	0	0	0	0	0	0	0	0	0	0	0	0	0	0	0	1	0	0	0	0	1
Lithuania Mesolithic	M	7823	Lithuania	55.808	24.422	0	0	0	0	0	0	0	0	0	0	0	0	0	0	0	0	0	1	0	0	0	0	1
Luxembourg Loschbour.DG	M	8025	Luxembourg	49.81	6.4	0	0	0	0	0	0	0	0	0	0	0	0	0	0	0	0	0	2	0	0	0	0	2
Macedonia IA	F	2550	North Macedonia	41.11	20.79	0	0	0	0	0	0	0	0	0	0	1	0	0	0	0	0	0	0	0	0	0	0	1
Malawi Chencherere LSA 5200BP noUDG	F	5150	Malawi	-14.375786	33.823623	0	0	0	0	0	0	0	0	0	0	0	1	0	0	0	0	0	0	0	0	0	0	1
Malawi Hora LSA 8500BP.SG	F	8018	Malawi	-11.659928	33.641921	0	0	0	0	0	0	0	0	0	0	0	1	0	0	0	0	0	0	0	0	0	0	1
Malawi Hora LSA 8500BP.SG	M	8895	Malawi	-11.659928	33.641921	0	0	0	0	0	0	0	1	0	0	0	0	0	0	0	0	0	0	0	0	0	0	1
Mexico Colonial Maya	F	340	Mexico	20.24	-90.46	1	0	0	0	0	0	0	0	0	0	0	0	0	0	0	0	0	0	0	0	0	0	1
Mexico Pericues.SG	M	500	Mexico	31.89	-116.47	0	0	1	0	0	0	0	0	0	0	0	0	0	0	0	0	0	0	0	0	0	0	1
Mexico PreColombian lc.SG	M	3200	Mexico	27.0	-107.25	0	0	1	0	0	0	0	0	0	0	0	0	0	0	0	0	0	0	0	0	0	0	1
Micronesia SaudeleurDynasty	M	288	Federated States of Micronesia	6.844504	158.335674	0	1	0	0	0	0	0	0	0	0	0	0	0	0	0	0	0	0	0	0	0	0	1
Moldova Glinoe Scythian.SG	M	2234	Moldova	46.6684	29.8001	0	0	0	0	0	0	0	0	0	0	0	0	0	0	0	0	0	2	0	0	0	0	2
Moldova Glinoe Scythian o2.SG	F	2231	Moldova	46.6684	29.8001	0	0	0	0	0	0	0	0	0	0	0	0	0	0	0	0	0	1	0	0	0	0	1
Moldova Glinoe Scythian o3 lc.SG	F	1616	Moldova	46.6684	29.8001	0	0	0	0	0	0	0	0	0	0	0	0	1	0	0	0	0	0	0	0	0	0	1
Mongolia Arkhangai Xiongnu	F	2000	Mongolia	47.834494	101.714282	0	0	0	0	0	0	0	0	0	0	1	0	0	0	0	0	0	0	0	0	0	0	1
Mongolia Arkhangai XiongnuEarlyMedieval 1 sister.BUR003	F	1919	Mongolia	47.799255	102.361242	0	0	0	0	0	0	0	0	0	1	0	0	0	0	0	0	0	0	0	0	0	0	1
Mongolia Arkhangai XiongnuEarlyMedieval 3	F	1800	Mongolia	47.799255	102.361242	0	0	0	0	0	0	0	0	0	1	0	0	0	0	0	0	0	0	0	0	0	0	1
Mongolia BA 1	M	3226	Mongolia	49.41	102.69	0	0	0	1	0	0	0	0	0	0	0	0	0	0	0	0	0	0	0	0	0	0	1
Mongolia EBA Chemurchek 2 dup.I12957	M	4462	Mongolia	46.12105	91.571833	0	0	0	0	0	0	0	0	0	0	0	0	0	0	0	0	1	0	0	0	0	0	1
Mongolia EIA SlabGrave 1	F	2849	Mongolia	49.15	114.87	0	0	0	1	0	0	0	0	0	0	0	0	0	0	0	0	0	0	0	0	0	0	1
Mongolia EIA SlabGrave 1	M	2740	Mongolia	47.7106945	106.94722200000001	0	0	1	1	0	0	0	0	0	0	0	0	0	0	0	0	0	0	0	0	0	0	2
Mongolia Khovd MLBA	M	3314	Mongolia	47.059972	91.842502	0	0	0	0	0	0	1	0	0	0	0	0	0	0	0	0	0	0	0	0	0	0	1
Mongolia Khuvsgul XiongnuLateMedieval 1	M	2051	Mongolia	49.162275	101.424353	0	0	0	0	0	0	0	1	0	0	0	0	0	0	0	0	0	0	0	0	0	0	1
Mongolia LBA CenterWest 4	M	3074	Mongolia	48.11	102.55	0	0	0	1	0	0	0	0	0	0	0	0	0	0	0	0	0	0	0	0	0	0	1
Mongolia LBA CenterWest 4 o	M	3001	Mongolia	46.426	100.817	1	0	0	0	0	0	0	0	0	0	0	0	0	0	0	0	0	0	0	0	0	0	1
Mongolia LBA CenterWest 5	M	3116	Mongolia	48.3	89.5	0	0	1	0	0	0	0	0	0	0	0	0	0	0	0	0	0	0	0	0	0	0	1
Mongolia LBA Khovsgol 6	M	2951	Mongolia	49.657167	99.725944	0	1	0	0	0	0	0	0	0	0	0	0	0	0	0	0	0	0	0	0	0	0	1
Mongolia LBA MongunTaiga 1	M	3410	Mongolia	47.069	91.83	0	0	0	0	0	0	0	0	0	0	0	0	0	0	0	0	0	1	0	0	0	0	1
Mongolia LBA MongunTaiga 3	M	3095	Mongolia	45.35	90.85	0	0	0	0	0	0	0	0	0	0	0	0	0	0	0	0	0	1	0	0	0	0	1
Mongolia LBA Ulaanzukh 2	F	3350	Mongolia	46.77	111.6	0	0	1	0	0	0	0	0	0	0	0	0	0	0	0	0	0	0	0	0	0	0	1
Mongolia MBA Munkhkhairkhan 2	M	3722	Mongolia	47.047374	91.839556	0	0	0	0	0	0	0	1	0	0	0	0	0	0	0	0	0	0	0	0	0	0	1
Mongolia MBA Munkhkhairkhan 2 dup.I13173	M	3722	Mongolia	47.047374	91.839556	0	0	0	0	0	0	0	1	0	0	0	0	0	0	0	0	0	0	0	0	0	0	1
Mongolia North N mother.I23394	F	7480	Mongolia	49.53469	103.2825	0	0	0	1	0	0	0	0	0	0	0	0	0	0	0	0	0	0	0	0	0	0	1
Mongolia Selenge LateMedieval	F	700	Mongolia	49.223888	104.884444	0	0	0	0	0	0	1	0	0	0	0	0	0	0	0	0	0	0	0	0	0	0	1
Mongolia Selenge Xiongnu	M	1958	Mongolia	49.744364	106.669392	0	0	0	1	0	0	0	0	0	0	0	0	0	0	0	0	0	0	0	0	0	0	1
Mongolia Selenge XiongnuMedieval	M	1225	Mongolia	49.248364	105.377512	0	0	0	1	0	0	0	0	0	0	0	0	0	0	0	0	0	0	0	0	0	0	1
Mongolia Sukhbaatar LateMedieval	M	700	Mongolia	46.1627455	112.95623850000001	0	0	0	0	0	0	0	0	0	0	0	0	0	1	0	1	0	0	0	0	0	0	2
Mongolia Sukhbaatar XiongnuLateMedieval	M	1300	Mongolia	45.357206	113.142056	0	0	0	1	0	0	0	0	0	0	0	0	0	0	0	0	0	0	0	0	0	0	1
Mongolia Umungobi LateMedieval	F	700	Mongolia	43.199528	101.038041	0	0	0	0	0	0	1	0	0	0	0	0	0	0	0	0	0	0	0	0	0	0	1
Mongolia Uvs EIAXiongnuLateMedival	F	1400	Mongolia	49.997104	92.054003	0	0	0	0	0	0	0	0	0	0	0	0	0	1	0	0	0	0	0	0	0	0	1
Mongolia Uvs EIAXiongnuLateMedival	M	1400	Mongolia	49.997104	92.054003	0	0	0	0	0	0	0	0	0	0	0	0	0	0	0	0	1	0	0	0	0	0	1
Mongolia Uvurkhangai EIALateMedieval	M	726	Mongolia	46.910964	102.770833	0	0	0	1	0	0	0	0	0	0	0	0	0	0	0	0	0	0	0	0	0	0	1
Mongolia Uvurkhangai Xiongnu	M	2000	Mongolia	44.654209	102.060817	0	0	0	0	0	0	0	0	0	0	0	0	0	1	0	0	0	0	0	0	0	0	1
Montenegro MLBA	F	3175	Montenegro	42.366667	18.733333	0	0	0	0	0	0	0	1	0	0	0	0	0	0	0	0	0	0	0	0	0	0	1
Morocco Iberomaurusian	M	14500	Morocco	34.807812	-2.410889	0	0	0	0	0	0	0	0	0	0	0	0	1	0	0	0	0	0	0	0	0	0	1
Nepal Mustang Chokhopani IA	M	2725	Nepal	28.72	83.67	1	0	0	0	0	0	0	0	0	0	0	0	0	0	0	0	0	0	0	0	0	0	1
Nepal Mustang Samdzong MiddleKingdoms	F	1275	Nepal	29.28	84.03	0	0	0	0	0	1	0	0	0	0	0	0	0	0	0	0	0	0	0	0	0	0	1
Nepal Mustang Samdzong MiddleKingdoms	M	1275	Nepal	29.28	84.03	0	0	0	0	0	0	0	0	0	0	0	0	1	0	0	0	0	0	0	0	0	0	1
Netherlands BellBeaker	M	4030	Netherlands	52.733563	5.096183	0	0	0	0	0	0	0	1	0	0	0	0	0	0	0	0	0	0	0	0	0	0	1
Netherlands Friesland Saxon Medieval oEastMed.SG	F	1458	Netherlands	53.184298	5.444314	0	0	0	0	0	0	0	0	0	1	0	0	0	0	0	0	0	0	0	0	0	0	1
Netherlands MBA	F	3400	Netherlands	52.712	5.145	0	0	0	0	0	0	0	0	0	0	0	0	0	0	0	0	0	1	0	0	0	0	1
Netherlands MBA	M	3400	Netherlands	52.712	5.145	0	0	0	0	0	0	0	1	0	0	0	0	0	0	0	0	0	0	0	0	0	0	1
Norway LN BA.SG	M	4347	Norway	69.47	18.0	0	0	0	0	0	0	0	0	0	0	0	0	0	0	0	0	0	1	0	0	0	0	1
Norway Medieval.SG	M	750	Norway	63.43	10.39	0	0	0	0	0	0	0	1	0	0	0	0	0	0	0	0	0	0	0	0	0	0	1
Norway Medieval lc.SG	M	750	Norway	63.43	10.39	0	0	0	0	0	0	0	0	0	0	0	0	0	0	0	0	0	1	0	0	0	0	1
Norway Viking.SG	M	933	Norway	62.903333333333336	12.203333333333333	0	0	0	0	0	0	0	1	0	1	0	0	0	0	0	0	1	0	0	0	0	0	3
Pakistan Aligrama H	F	1949	Pakistan	34.804894	72.318169	0	0	0	0	0	0	0	0	0	0	0	0	0	0	0	0	0	0	0	1	0	0	1
Pakistan Barikot H	F	1944	Pakistan	34.757006	72.362381	0	0	0	0	0	0	0	0	0	0	0	0	0	0	0	1	0	0	0	0	0	0	1
Pakistan Katelai IA	F	2850	Pakistan	34.765842	72.349133	0	0	0	0	0	0	0	2	0	0	0	0	0	0	0	0	0	0	0	1	0	0	3
Pakistan Katelai IA	M	2850	Pakistan	34.765842	72.349133	0	0	0	0	0	0	0	0	0	0	0	0	1	0	0	0	0	0	0	0	0	0	1
Pakistan Loebanr IA	F	2850	Pakistan	34.751461	72.401936	0	0	0	0	0	0	0	0	0	0	0	0	0	1	0	0	0	0	0	0	0	0	1
Pakistan Loebanr IA	M	2876	Pakistan	34.751461	72.401936	0	0	0	0	0	0	0	1	0	0	0	0	0	0	0	0	0	1	0	0	0	0	2
Pakistan Loebanr IA son.I6292.son.I10000	M	2758	Pakistan	34.751461	72.401936	0	0	0	0	0	0	0	0	0	0	0	0	0	0	0	0	1	0	0	0	0	0	1
Pakistan SaiduSharif H	M	2250	Pakistan	34.757006	72.362381	0	0	0	0	0	0	0	0	0	0	1	0	0	0	0	0	0	1	0	0	0	0	2
Pakistan Udegram Medieval Ghaznavid father.or.son.I2959	M	825	Pakistan	34.743194	72.314217	0	0	0	1	0	0	0	0	0	0	0	0	0	0	0	0	0	0	0	0	0	0	1
Panama IsthmoColombian oEuropean lc.SG	M	990	Panama	9.01	-79.48999999999998	0	0	0	0	0	0	0	1	0	0	0	0	0	0	0	0	0	0	0	0	0	0	1
Peru Antaura Tiwanaku	F	388	Peru	-15.6852	-72.62179999999998	1	0	0	0	0	0	0	0	0	0	0	0	0	0	0	0	0	0	0	0	0	0	1
Peru Cuncaicha 3300BP contam	M	3281	Peru	-15.38936111	-72.60822222	1	0	0	0	0	0	0	0	0	0	0	0	0	0	0	0	0	0	0	0	0	0	1
Peru ElBrujo EIP 1300BP	M	1095	Peru	-7.914977999999999	-79.305486	0	0	1	0	0	0	0	0	0	0	0	0	0	0	0	0	0	0	0	0	0	0	1
Peru LimaCoast MH 1000BP	F	1250	Peru	-12.111111	-77.033889	1	0	0	0	0	0	0	0	0	0	0	0	0	0	0	0	0	0	0	0	0	0	1
Peru MH LIP Lambayeque	F	925	Peru	-7.914977999999999	-79.305486	1	0	0	0	0	0	0	0	0	0	0	0	0	0	0	0	0	0	0	0	0	0	1
Peru Palpa LIP 550BP	F	550	Peru	-14.516709	-75.16896199999998	0	0	0	0	0	0	0	0	0	0	0	0	0	0	0	1	0	0	0	0	0	0	1
Peru Palpa MH 950BP	M	935	Peru	-14.9441	-75.426	0	0	1	0	0	0	0	0	0	0	0	0	0	0	0	0	0	0	0	0	0	0	1
Peru SanSebastian LIP 600BP	M	605	Peru	-13.235278	-72.425556	0	0	1	0	0	0	0	0	0	0	0	0	0	0	0	0	0	0	0	0	0	0	1
Peru Ullujaya MH 950BP	F	950	Peru	-13.9049	-75.6607	0	0	0	0	0	0	0	0	0	0	0	0	0	0	0	1	0	0	0	0	0	0	1
Philippines RedSlippedPottery.WGC	F	1783	Philippines	18.19	121.6244	0	1	0	0	0	0	0	0	0	0	0	0	0	0	0	0	0	0	0	0	0	0	1
Poland BKG o1.SG	F	6049	Poland	52.61	18.8	0	0	0	0	0	0	0	0	0	0	0	0	0	0	0	0	0	1	0	0	0	0	1
Poland BellBeaker son.I6581 brother.I6582 lc	M	4284	Poland	50.09	18.1	0	0	0	0	0	0	0	0	0	0	0	0	0	0	0	0	0	1	0	0	0	0	1
Poland CordedWare.SG	F	4663	Poland	52.3	17.55	0	0	0	0	0	0	0	0	0	0	0	0	0	0	0	0	0	1	0	0	0	0	1
Poland EBA	F	4155	Poland	51.04	17.07	0	0	0	0	0	0	0	0	0	0	1	0	0	0	0	0	0	0	0	0	0	0	1
Poland EBA Unetice.SG	F	3782	Poland	50.949	17.012500000000003	0	0	0	0	0	0	0	0	0	0	0	0	0	0	0	0	0	2	0	0	0	0	2
Poland GlobularAmphora	M	5132	Poland	52.85	17.883333	0	0	0	0	0	0	0	0	0	0	0	0	0	0	0	0	0	0	0	1	0	0	1
Poland Southeast CordedWare.SG	F	4460	Poland	49.957222	22.660278	0	0	0	0	0	0	0	1	0	0	0	0	0	0	0	0	0	0	0	0	0	0	1
Poland Southeast CordedWare.SG	M	4296	Poland	50.250277499999996	23.1166665	0	0	0	0	0	0	0	0	1	0	0	0	0	0	0	0	1	0	0	0	0	0	2
Poland Viking.SG	M	1059	Poland	52.08	21.02	0	0	0	0	0	0	0	0	0	1	0	0	0	0	0	0	0	0	0	0	0	0	1
Poland Viking father.or.son.VK156.SG	M	950	Poland	52.7	18.9	0	0	0	0	0	0	0	1	0	0	0	0	0	0	0	0	0	0	0	0	0	0	1
Portugal C	M	4958	Portugal	39.4286975	-9.1735945	0	0	0	0	0	0	0	0	0	0	1	0	0	0	0	0	0	1	0	0	0	0	2
Portugal EBA lc	F	3900	Portugal	39.6686	-8.1303	0	0	0	0	0	0	0	1	0	0	0	0	0	0	0	0	0	0	0	0	0	0	1
Portugal Geometric Mesolithic	F	8067	Portugal	39.246374	-8.647467	0	0	0	0	0	0	0	0	0	0	0	0	0	0	0	0	0	1	0	0	0	0	1
Portugal LN C.SG	M	5450	Portugal	39.916667	-8.433332999999998	0	0	0	0	0	0	0	0	0	0	1	0	0	0	0	0	0	0	0	0	0	0	1
Portugal MN.SG	F	5950	Portugal	39.414	-8.822	0	0	0	0	0	0	0	1	0	0	0	0	0	0	0	0	0	0	0	0	0	0	1
PuertoRico Monserrate Ceramic	M	1000	Puerto Rico	18.38	-65.73	1	0	0	0	0	0	0	0	0	0	0	0	0	0	0	0	0	0	0	0	0	0	1
PuertoRico PasodelIndio Ceramic	M	862	Puerto Rico	18.431	-66.382	1	0	0	0	0	0	0	0	0	0	0	0	0	0	0	0	0	0	0	0	0	0	1
PuertoRico PuntaCandelero Ceramic	F	1367	Puerto Rico	18.094	-65.789	1	0	0	0	0	0	0	0	0	0	0	0	0	0	0	0	0	0	0	0	0	0	1
Romania BA Arman	F	3950	Romania	45.22509	26.68277	0	0	0	0	0	0	0	0	0	0	1	0	0	0	0	0	0	0	0	0	0	0	1
Romania C Bodrogkeresztur	F	5950	Romania	47.7467	22.395	0	0	0	0	0	0	0	1	0	1	0	0	0	0	0	0	0	0	0	0	0	0	2
Romania C Bodrogkeresztur	M	5950	Romania	47.7467	22.395	0	0	0	0	0	0	0	2	0	0	0	0	0	0	0	0	0	0	0	0	0	0	2
Romania EN	F	7371	Romania	44.266667	23.9	0	0	0	0	0	0	0	0	0	1	0	0	0	0	0	0	0	0	0	0	0	0	1
Romania EN	M	7614	Romania	45.466	27.01	0	0	0	0	0	0	0	0	0	0	1	0	0	0	0	0	0	0	0	0	0	0	1
Romania IronGates Mesolithic	M	8704	Romania	44.517	22.722	0	0	0	0	0	0	0	0	0	0	1	0	0	0	0	0	0	0	0	0	0	0	1
Romania MLBA	F	3508	Romania	46.189619	27.669532	0	0	0	0	0	0	0	0	0	1	0	0	0	0	0	0	0	0	0	0	0	0	1
Romania Medieval	M	943	Romania	44.902844	26.01317	0	0	0	0	0	0	0	0	0	0	0	0	0	0	0	0	0	1	0	0	0	0	1
Russia Afanasievo	F	4650	Russia	50.0723555	83.48665650000001	0	0	0	0	0	0	0	0	0	0	0	0	0	0	0	0	0	2	0	0	0	0	2
Russia Afanasievo	M	4953	Russia	50.755135	85.55786333333333	0	0	0	0	0	0	0	0	0	0	0	0	0	0	0	0	2	1	0	0	0	0	3
Russia Afanasievo.SG	F	5052	Russia	51.498	85.97	0	0	0	0	0	0	0	0	0	0	0	0	0	0	0	0	0	1	0	0	0	0	1
Russia Afanasievo.SG	M	4707	Russia	48.832683	83.909744	0	0	0	0	0	0	0	0	0	0	0	0	0	0	0	0	0	1	0	0	0	0	1
Russia Afanasievo son.I10565	M	4625	Russia	54.35661	90.919186	0	0	0	0	0	0	0	0	0	0	0	0	0	0	0	0	1	0	0	0	0	0	1
Russia AginBuryat N.SG	M	6061	Russia	50.8158	114.8367	0	0	0	1	0	0	0	0	0	0	0	0	0	0	0	0	0	0	0	0	0	0	1
Russia Alan o.SG	M	1300	Russia	42.826264	44.115811	0	0	0	0	0	0	0	0	0	0	0	0	0	0	0	0	0	0	0	0	1	0	1
Russia AngaraRiver BA.SG	M	4251	Russia	52.9943	103.4209	0	0	0	1	0	0	0	0	0	0	0	0	0	0	0	0	0	0	0	0	0	0	1
Russia AngaraRiver Medieval.SG	M	613	Russia	57.4743	102.8364	0	0	0	1	0	0	0	0	0	0	0	0	0	0	0	0	0	0	0	0	0	0	1
Russia BA Okunevo.SG	M	4130	Russia	53.7641265	90.85733350000001	1	0	1	0	0	0	0	0	0	0	0	0	0	0	0	0	0	0	0	0	0	0	2
Russia Boisman MN	M	6821	Russia	42.789444	131.276111	0	0	1	0	0	0	0	0	0	0	0	0	0	0	0	0	0	0	0	0	0	0	1
Russia Boisman MN contam	M	6714	Russia	42.789444	131.276111	0	0	0	1	0	0	0	0	0	0	0	0	0	0	0	0	0	0	0	0	0	0	1
Russia Caucasus EBA Yamnaya	F	5105	Russia	45.537249	41.116544	0	0	0	0	0	0	0	0	0	0	0	0	0	0	0	0	1	0	0	0	0	0	1
Russia Caucasus KuraAraxes	M	4850	Russia	42.179802	48.066089	0	0	0	0	0	0	0	0	0	0	0	0	0	0	0	0	0	1	0	0	0	0	1
Russia Caucasus KuraAraxes o2 1d.rel.VEK007 1d.rel.VEK008	F	4850	Russia	42.179802	48.066089	0	0	0	0	0	0	0	0	0	0	0	0	0	0	0	0	0	1	0	0	0	0	1
Russia Caucasus LBA Dolmen	M	3275	Russia	44.583333	38.166667	0	0	0	0	0	0	0	1	0	0	0	0	0	0	0	0	0	0	0	0	0	0	1
Russia Caucasus LateMaikop	M	5187	Russia	43.905354	43.521883	0	0	0	0	0	0	0	0	0	0	0	0	0	0	0	0	1	0	0	0	0	0	1
Russia Caucasus Maikop Novosvobodnaya	M	5385	Russia	44.385019	40.394588	0	0	0	0	0	0	0	0	0	0	0	0	0	0	0	0	0	0	0	0	1	0	1
Russia Caucasus Medieval	F	857	Russia	44.96667	37.50444	0	0	0	0	0	0	0	0	0	0	0	0	0	0	0	0	0	1	0	0	0	0	1
Russia DevilsCave N.SG	F	7650	Russia	44.5	135.4	0	0	0	1	0	0	0	0	0	0	0	0	0	0	0	0	0	0	0	0	0	0	1
Russia EBA o1.SG	M	4598	Russia	48.716	44.5	0	0	0	0	0	0	0	0	0	0	0	0	0	1	0	0	0	0	0	0	0	0	1
Russia EHG	F	7200	Russia	62.046	35.364	0	0	0	0	0	0	0	0	0	0	0	0	0	0	0	1	0	0	0	0	0	0	1
Russia EIA Sargatka IA	M	2205	Russia	54.99	73.37	0	0	0	0	0	0	0	0	0	0	0	0	0	0	0	0	0	2	0	0	0	0	2
Russia Ekven IA.SG	M	1835	Russia	66.0	-170.1	1	0	0	1	0	0	0	0	0	0	0	0	0	0	0	0	0	0	0	0	0	0	2
Russia Ekven OldBeringSea	M	860	Russia	66.161126	-169.822297	1	0	0	0	0	0	0	0	0	0	0	0	0	0	0	0	0	0	0	0	0	0	1
Russia Ekven OldBeringSea dup.I7349.SG	F	1140	Russia	66.161126	-169.822297	1	0	0	0	0	0	0	0	0	0	0	0	0	0	0	0	0	0	0	0	0	0	1
Russia IA 3.SG	M	2451	Russia	50.213	85.725	0	0	0	0	0	0	0	0	0	0	1	0	0	0	0	0	0	0	0	0	0	0	1
Russia IA Ingria.SG	F	1813	Russia	59.4638	28.778	0	0	0	0	0	0	0	1	0	0	0	0	0	0	0	0	0	0	0	0	0	0	1
Russia Ivanovo Fatyanovo BA.SG	F	4502	Russia	57.134474	39.975714	0	0	0	0	0	0	0	0	0	0	0	0	0	0	0	0	0	0	0	1	0	0	1
Russia Ivanovo Fatyanovo BA lc.SG	F	4300	Russia	57.134474	39.975714	0	0	0	0	0	0	0	0	0	0	0	0	0	0	0	0	1	0	0	0	0	0	1
Russia Kalmykia EBA Yamnaya.SG	F	4705	Russia	46.58	43.678	0	0	0	0	0	0	0	0	0	0	0	0	0	0	0	0	0	1	0	0	0	0	1
Russia Kalmykia EBA Yamnaya.SG	M	4850	Russia	46.539	43.699	0	0	0	0	0	0	0	0	0	0	0	0	0	0	0	0	0	1	0	0	0	0	1
Russia Karasuk o1.SG	F	3100	Russia	52.954	90.187	1	0	0	0	0	0	0	0	0	0	0	0	0	0	0	0	0	0	0	0	0	0	1
Russia Khvalynsk Eneolithic	M	6788	Russia	52.353369	48.078367	0	0	0	0	0	0	0	1	0	0	0	0	0	0	0	0	0	0	0	0	0	0	1
Russia KuengaRiver N 1.SG	F	7334	Russia	52.2308	116.9933	1	0	0	0	0	0	0	0	0	0	0	0	0	0	0	0	0	0	0	0	0	0	1
Russia Kurma EBA.SG	F	4713	Russia	53.179167	106.962778	0	0	0	0	0	1	0	0	0	0	0	0	0	0	0	0	0	0	0	0	0	0	1
Russia LateMaikop	F	5126	Russia	45.05	39.91	0	0	0	0	0	0	0	0	0	0	0	0	0	0	0	0	0	1	0	0	0	0	1
Russia LenaRiver LUP.SG	F	16736	Russia	59.95	117.4667	0	0	0	0	0	0	0	0	0	0	0	0	0	0	0	1	0	0	0	0	0	0	1
Russia LenaRiver MiddleN.SG	M	6232	Russia	60.4583	131.0917	0	0	0	1	0	0	0	0	0	0	0	0	0	0	0	0	0	0	0	0	0	0	1
Russia Lokomotiv Eneolithic.SG	F	7577	Russia	52.286944	104.249167	0	0	0	1	0	0	0	0	0	0	0	0	0	0	0	0	0	0	0	0	0	0	1
Russia MBA Poltavka	M	4678	Russia	53.58975	50.571292	0	0	0	0	0	0	0	0	0	0	0	0	0	0	0	0	0	1	0	0	0	0	1
Russia MLBA Krasnoyarsk	F	3534	Russia	54.508297	86.95881650000001	0	0	0	0	0	0	0	1	0	0	0	0	0	0	0	0	0	0	0	1	0	0	2
Russia MLBA Krasnoyarsk	M	3600	Russia	55.1924	89.3053	0	0	0	0	0	0	0	0	0	0	0	0	0	0	0	0	0	1	0	0	0	0	1
Russia MLBA Sintashta	M	3805	Russia	52.816667	60.466667	0	0	0	0	0	0	0	1	0	0	0	0	0	0	0	0	0	1	0	0	0	0	2
Russia MLBA Sintashta.SG	F	3815	Russia	52.637	59.536	0	0	0	0	0	0	0	0	0	0	0	0	0	0	0	0	0	1	0	0	0	0	1
Russia MLBA Sintashta 1d.rel.I1055	F	3825	Russia	52.816667	60.466667	0	0	0	0	0	0	0	0	0	0	0	0	0	0	0	0	0	1	0	0	0	0	1
Russia MLBA Sintashta o1	M	3825	Russia	52.816667	60.466667	0	0	0	0	0	0	0	0	0	0	0	0	0	0	0	0	0	1	0	0	0	0	1
Russia Magadan BA dup.I11278.SG	F	3050	Russia	59.6	151.0	0	0	0	1	0	0	0	0	0	0	0	0	0	0	0	0	0	0	0	0	0	0	1
Russia Mezhovskaya.SG	M	3000	Russia	53.043	57.066	0	0	0	0	0	0	0	0	1	0	0	0	0	0	0	0	0	0	0	0	0	0	1
Russia North Caucasus	F	4764	Russia	45.537249	41.116544	0	0	0	0	0	0	0	0	0	0	0	0	0	0	0	1	0	0	0	0	0	0	1
Russia SaltovoMayaki.SG	M	1150	Russia	50.476192	36.982805	0	0	0	0	0	0	0	0	0	1	0	0	0	0	0	0	0	0	0	0	0	0	1
Russia Samara EBA Yamnaya	F	4942	Russia	53.64	50.655	0	0	0	0	0	0	0	0	0	0	0	0	0	0	0	0	0	0	0	1	0	0	1
Russia Samara EBA Yamnaya	M	5074	Russia	53.64	50.655	0	0	0	0	0	0	0	0	0	0	0	0	0	0	0	0	1	0	0	0	0	0	1
Russia Sarmatian.SG	M	2300	Russia	47.28429	39.533315	1	0	0	0	0	0	0	0	0	0	0	0	0	0	0	0	0	0	0	0	0	0	1
Russia Shamanka Eneolithic.SG	F	7840	Russia	51.698333	103.703056	0	0	1	0	0	0	0	0	0	0	0	0	0	0	0	0	0	0	0	0	0	0	1
Russia Shamanka Eneolithic.SG	M	7299	Russia	51.698333	103.703056	0	0	0	1	0	0	0	0	0	0	0	0	0	0	0	0	0	0	0	0	0	0	1
Russia Siberia Lena EBA	F	3686	Russia	53.044528	105.510583	0	0	2	0	0	0	0	0	0	0	0	0	0	0	0	0	0	0	0	0	0	0	2
Russia Siberia Lena EBA o	M	4034	Russia	53.044528	105.510583	0	0	0	1	0	0	0	0	0	0	0	0	0	0	0	0	0	0	0	0	0	0	1
Russia Srubnaya	F	3675	Russia	53.08	50.36	0	0	0	0	0	0	0	1	0	0	0	0	0	0	0	0	0	0	0	0	0	0	1
Russia Srubnaya Alakul.SG	M	3678	Russia	54.07	55.544	0	0	0	0	0	0	0	1	0	1	0	0	0	0	0	0	0	0	0	0	0	0	2
Russia Srubnaya Scythian Sarmatian possible	M	3475	Russia	48.1	54.44	0	0	0	0	0	0	0	0	0	0	0	0	0	0	0	0	0	1	0	0	0	0	1
Russia Srubnaya o1	F	3791	Russia	53.03	50.39	0	0	0	0	0	0	0	0	0	0	0	0	0	0	0	0	0	1	0	0	0	0	1
Russia Sunghir2.SG	M	34629	Russia	56.176111	40.5025	0	0	0	0	0	0	0	0	0	0	0	0	0	0	0	0	0	1	0	0	0	0	1
Russia Tagar.SG	F	2850	Russia	54.675833	90.853611	0	0	0	0	0	0	0	0	0	0	0	0	0	1	0	0	0	0	0	0	0	0	1
Russia Tver Fatyanovo BA.SG	F	4306	Russia	57.740089	36.633002	0	0	0	0	0	0	0	0	0	1	0	0	0	0	0	0	0	0	0	0	0	0	1
Russia Uelen OldBeringSea	F	1695	Russia	66.161126	-169.822297	1	0	0	0	0	0	0	0	0	0	0	0	0	0	0	0	0	0	0	0	0	0	1
Russia Ural EarlySarmatian	F	2250	Russia	51.990758	53.870167	0	0	0	0	0	0	0	0	0	0	0	0	0	0	0	0	0	1	0	0	0	0	1
Russia UstBelaya Angara	F	4630	Russia	52.916944	103.657222	0	0	0	1	0	0	0	0	0	0	0	0	0	0	0	0	0	0	0	0	0	0	1
Russia UstIda LN.SG	F	5617	Russia	53.188889	103.368056	0	0	0	0	0	0	0	0	0	0	0	0	0	0	0	1	0	0	0	0	0	0	1
Russia UstIda LN.SG	M	5595	Russia	53.188889	103.368056	1	0	0	0	0	0	0	0	0	0	0	0	0	0	0	0	0	0	0	0	0	0	1
Russia Viking.SG	F	900	Russia	60.0	32.3	0	0	0	0	0	0	0	0	0	2	0	0	0	0	0	0	0	0	0	0	0	0	2
Russia Viking.SG	M	900	Russia	60.0	32.3	0	0	0	0	0	0	0	0	0	1	0	0	0	0	0	0	0	1	0	0	0	0	2
Russia Vologda Veretye Mesolithic.SG	F	8321	Russia	60.467835	38.900615	0	0	0	0	0	0	0	0	0	0	0	0	0	0	0	0	1	0	0	0	0	0	1
Russia Yaroslavl Fatyanovo BA.SG	M	4441	Russia	57.327447	39.552524	0	0	0	0	0	0	0	0	0	0	0	0	0	0	0	0	1	0	0	0	0	0	1
Russia Yaroslavl Fatyanovo BA dup.I1490.SG	F	4552	Russia	57.529264	39.669941	0	0	0	0	0	0	0	0	0	0	0	0	0	0	0	0	1	0	0	0	0	0	1
Russia Yaroslavl Fatyanovo BA dup.I7356 lc.SG	M	4608	Russia	57.529264	39.669941	0	0	0	0	0	0	0	0	0	0	0	0	0	0	0	0	0	0	0	1	0	0	1
Scotland C EBA	M	3978	United Kingdom	55.99	-2.537	0	0	0	0	0	0	0	0	0	0	1	0	0	0	0	0	0	0	0	0	0	0	1
Scotland C EBA highEEF	F	3936	United Kingdom	55.947339	-2.47072	0	0	0	0	0	0	0	1	0	0	0	0	0	0	0	0	0	0	0	0	0	0	1
Scotland LBA	F	2844	United Kingdom	57.72	-3.388	0	0	0	0	0	0	0	0	0	0	0	0	0	0	0	0	0	1	0	0	0	0	1
Scotland LBA	M	2810	United Kingdom	57.72	-3.388	0	0	0	0	0	0	0	0	0	0	1	0	0	0	0	0	0	0	0	0	0	0	1
Scotland MBA	M	3268	United Kingdom	57.105	-4.9155	0	0	0	0	0	0	0	2	0	0	0	0	0	0	0	0	0	0	0	0	0	0	2
Scotland N	F	5154	United Kingdom	59.045	-2.8945	0	0	0	0	0	0	0	0	0	0	2	0	0	0	0	0	0	0	0	0	0	0	2
Scotland N	M	5304	United Kingdom	58.24654433333333	-3.8666853333333333	0	0	0	0	0	0	0	1	0	1	0	0	0	0	0	0	1	0	0	0	0	0	3
Scotland N.SG	F	5350	United Kingdom	57.160940999999994	-4.7330025000000004	0	0	0	0	0	0	0	2	0	0	0	0	0	0	0	0	0	0	0	0	0	0	2
Scotland N lowEEF	M	5517	United Kingdom	56.403333	-5.478056	0	0	0	0	0	0	0	0	0	0	0	0	0	0	0	0	0	1	0	0	0	0	1
Scotland Orkney IA.SG	M	1826	United Kingdom	59.15966	-2.880505	0	0	0	0	0	0	0	1	0	0	0	0	0	0	0	0	0	0	0	0	0	0	1
Scotland Orkney MBA.SG	F	3432	United Kingdom	59.32701	-3.00572	0	0	0	0	0	0	0	0	0	0	0	0	0	0	0	0	0	1	0	0	0	0	1
Scotland Orkney MBA.SG	M	3425	United Kingdom	59.32701	-3.00572	0	0	0	0	0	0	0	1	0	0	1	0	0	0	0	0	0	0	0	0	0	0	2
Serbia BA Maros	F	3900	Serbia	45.888056	20.166667	0	0	0	0	0	0	0	1	0	1	0	0	0	0	0	0	0	0	0	0	0	0	2
Serbia C BA Tiszapolgar Bodrogkerestur	M	6125	Serbia	46.01802	20.271363	0	0	0	0	0	0	0	1	0	0	0	0	0	0	0	0	0	0	0	0	0	0	1
Serbia GradStarcevo Starcevo EN.SG	F	7538	Serbia	44.8174	20.5719	0	0	0	0	0	0	0	0	0	0	0	0	0	0	0	0	1	0	0	0	0	0	1
Serbia IronGates MBA	M	4306	Serbia	44.595879	22.010568	0	0	0	0	0	0	0	0	1	0	0	0	0	0	0	0	0	0	0	0	0	0	1
Serbia IronGates Mesolithic	F	10204	Serbia	44.575146	22.023818666666667	0	0	0	0	0	0	0	0	0	0	0	0	0	0	0	0	0	3	0	0	0	0	3
Serbia IronGates Mesolithic	M	10805	Serbia	44.595879	22.010568	0	0	0	0	0	0	0	0	0	0	0	0	0	0	0	0	0	1	0	0	0	0	1
Serbia LepenskiVir EMN.SG	M	8093	Serbia	44.5562	22.0267	0	0	0	0	0	0	0	1	0	0	0	0	0	0	0	0	0	0	0	0	0	0	1
Slovakia IA Vekerzug	F	2525	Slovakia	47.808164	18.218719	0	0	0	0	0	0	0	0	0	0	0	0	0	0	0	0	0	1	0	0	0	0	1
Slovakia IA Vekerzug	M	2525	Slovakia	47.808164	18.218719	0	0	0	0	0	0	0	0	0	0	0	0	0	0	0	0	0	0	0	1	0	0	1
Slovakia LIA LaTene	M	2046	Slovakia	48.142329	17.099893	0	0	0	0	0	0	0	0	0	0	0	0	0	0	0	0	0	0	1	0	0	0	1
Slovenia EIA	M	2540	Slovenia	45.914224	15.4691	0	0	0	0	0	0	0	0	0	0	1	0	0	0	0	0	0	0	0	0	0	0	1
Slovenia MIA oSouth	M	2272	Slovenia	45.847908	15.690421	0	0	0	0	0	0	0	1	0	0	0	0	0	0	0	0	0	0	0	0	0	0	1
South Africa 2200BP.SG	M	2245	South Africa	-32.76027778	18.029722	0	0	0	0	0	0	0	0	0	0	0	1	0	0	0	0	0	0	0	0	0	0	1
Spain Almoloya Argar Early	F	3775	Spain	37.952759	-1.508	0	0	0	0	0	0	0	1	0	0	0	0	0	0	0	0	0	0	0	0	0	0	1
Spain Almoloya Argar Early	M	3803	Spain	37.952759	-1.508	0	0	0	0	0	0	0	1	0	0	0	0	0	0	0	0	0	0	0	0	0	0	1
Spain Almoloya Argar Late	M	3825	Spain	37.952759	-1.508	0	0	0	0	0	0	0	1	0	0	0	0	0	0	0	0	0	0	0	0	0	0	1
Spain Almoloya Argar son.ALM015.ALM016	M	3765	Spain	37.952759	-1.508	0	0	0	0	0	0	0	0	0	0	1	0	0	0	0	0	0	0	0	0	0	0	1
Spain C	F	4631	Spain	39.821634800000005	-3.1476106	0	0	0	0	0	0	0	1	0	2	0	0	0	0	0	0	1	1	0	0	0	0	5
Spain C	M	4546	Spain	40.35320825	-3.252625	0	0	0	0	0	0	0	3	0	0	0	0	0	0	0	0	1	2	1	0	1	0	8
Spain C.SG	M	4849	Spain	42.3525	-3.518333333	0	0	0	0	0	0	0	1	0	0	0	0	0	0	0	0	0	0	0	0	0	0	1
Spain C lc	F	4126	Spain	39.708349999999996	-1.830685	0	0	0	0	0	0	0	1	0	0	1	0	0	0	0	0	0	0	0	0	0	0	2
Spain C lc	M	4200	Spain	40.22	-3.76	0	0	0	0	0	0	0	0	0	0	1	0	0	0	0	0	0	0	0	0	0	0	1
Spain C oSteppe	M	4121	Spain	42.419214	-3.484745	0	0	0	0	0	0	0	0	0	0	0	0	0	0	0	0	0	1	0	0	0	0	1
Spain Carolingian	F	1153	Spain	41.981377	2.309824	0	0	0	0	0	0	0	1	0	0	0	0	0	0	0	0	0	0	0	0	0	0	1
Spain EBA	F	3550	Spain	41.2916	1.0638	0	0	0	0	0	0	0	1	0	0	0	0	0	0	0	0	0	0	0	0	0	0	1
Spain EBA	M	3603	Spain	39.67645	-0.9272	0	0	0	0	0	0	0	2	0	0	0	0	0	0	0	0	0	2	0	0	0	0	4
Spain EBA lc	F	3650	Spain	41.5373	2.1329	0	0	0	0	0	0	0	0	0	1	0	0	0	0	0	0	0	0	0	0	0	0	1
Spain EN	F	7143	Spain	42.5	0.5	0	0	0	0	0	0	0	0	0	0	0	0	0	0	0	0	0	0	1	0	0	0	1
Spain Greek oLocal	M	2375	Spain	42.1333	3.1083	0	0	0	0	0	0	0	1	0	0	0	0	0	0	0	0	0	0	0	0	0	0	1
Spain Hellenistic oAegean	M	2226	Spain	42.1333	3.1083	0	0	0	0	0	0	0	1	0	0	0	0	0	0	0	0	0	0	0	0	0	0	1
Spain IA	F	2429	Spain	41.3324	1.5943	0	0	0	0	0	0	0	1	0	0	0	0	0	0	0	0	0	0	0	0	0	0	1
Spain IA Celt	M	2222	Spain	42.565	-2.58635	0	0	0	0	0	0	0	1	0	0	0	0	0	0	0	0	0	0	0	0	0	0	1
Spain IA Celt o	F	2300	Spain	42.565	-2.58635	0	0	0	0	0	0	0	0	0	1	0	0	0	0	0	0	0	0	0	0	0	0	1
Spain IA lc	F	2443	Spain	41.5373	2.1329	0	0	0	0	0	0	0	1	0	0	0	0	0	0	0	0	0	0	0	0	0	0	1
Spain IA o	M	2223	Spain	42.006615	3.078667	0	0	0	0	0	0	0	1	0	0	0	0	0	0	0	0	0	0	0	0	0	0	1
Spain Islamic	F	750	Spain	39.4697	-0.3774	0	0	0	0	0	0	0	0	0	0	0	0	0	0	0	0	0	1	0	0	0	0	1
Spain Islamic	M	750	Spain	39.624233333333336	-0.3182666666666667	0	0	0	0	0	0	0	2	0	0	0	0	0	0	0	0	0	1	0	0	0	0	3
Spain LBA	M	3100	Spain	43.38	-4.57	0	0	0	0	0	0	0	1	0	0	0	0	0	0	0	0	0	0	0	0	0	0	1
Spain LIA	M	2043	Spain	42.7939	-4.19278	0	0	0	0	0	0	0	0	0	0	0	0	0	0	0	0	0	2	0	0	0	0	2
Spain LaHorna BA 1d.LHO001	M	3500	Spain	38.344015	-0.77	0	0	0	0	0	0	0	0	0	0	1	0	0	0	0	0	0	0	0	0	0	0	1
Spain MBA	M	3275	Spain	42.57	-2.62	0	0	0	0	0	0	0	0	0	1	0	0	0	0	0	0	0	0	0	0	0	0	1
Spain MBA Formentera noUDG	F	3748	Spain	38.686574	1.421209	0	0	0	0	0	0	0	1	0	0	0	0	0	0	0	0	0	0	0	0	0	0	1
Spain MLN	F	5500	Spain	39.7658	-4.2127	0	0	0	0	0	0	0	1	0	1	0	0	0	0	0	0	0	0	0	0	0	0	2
Spain MLN	M	5050	Spain	43.085823	-2.251197	0	0	0	0	0	0	0	0	0	0	1	0	0	0	0	0	0	0	0	0	0	0	1
Spain Menorca LBA new	M	2809	Spain	39.999	3.891	0	0	0	0	0	0	0	0	0	0	0	0	0	0	0	0	0	1	0	0	0	0	1
Spain NazariPeriod Muslim	F	400	Spain	36.950833	-3.547222222	0	0	0	0	0	0	0	0	0	0	0	0	0	0	0	0	0	0	0	1	0	0	1
Spain Roman oMixed	F	1947	Spain	42.1333	3.1083	0	0	0	0	0	0	0	0	0	0	1	0	0	0	0	0	0	0	0	0	0	0	1
Spain SE Iberia BA Argar	M	3450	Spain	37.674387	-1.697	0	0	0	0	0	0	0	0	0	0	1	0	0	0	0	0	0	0	0	0	0	0	1
Spain SE Iberia CA	F	4750	Spain	38.4429915	-1.1027205	0	0	0	0	0	0	0	0	0	1	1	0	0	0	0	0	0	0	0	0	0	0	2
Spain SE Iberia CA	M	4494	Spain	38.441587999999996	-1.095	0	0	0	0	0	0	0	0	0	1	0	0	0	0	0	0	0	0	1	0	0	0	2
Spain Visigoth Granada	F	1450	Spain	37.324444	-4.005833333	0	0	0	0	0	0	0	1	0	0	0	0	0	0	0	0	0	0	0	0	0	0	1
Sudan EarlyChristian	M	1100	Sudan	21.070453	30.664028	0	0	0	0	0	0	0	0	0	0	0	1	0	0	0	0	0	0	0	0	0	0	1
Sudan EarlyChristian R	F	1158	Sudan	21.070453	30.664028	0	0	0	0	0	0	0	1	0	0	0	0	0	0	0	0	0	1	0	0	0	0	2
Sudan EarlyChristian R	M	1138	Sudan	21.070453	30.664028	0	0	0	0	0	0	0	1	0	0	0	0	0	0	0	0	0	0	0	0	0	0	1
Sudan EarlyChristian S	F	1119	Sudan	21.070453000000004	30.664028	0	0	0	0	0	0	0	2	0	1	0	3	0	1	0	0	0	0	0	0	0	0	7
Sudan EarlyChristian S	M	1149	Sudan	21.070453	30.664028	0	0	0	0	0	0	0	0	0	0	0	1	0	0	0	0	0	1	0	0	0	0	2
Sudan EarlyChristian lc	M	1100	Sudan	21.070453	30.664028	0	0	0	0	0	0	0	0	0	0	0	0	0	0	0	0	0	1	0	0	0	0	1
Sweden Ansarve Megalithic.SG	M	5053	Sweden	57.509	18.14	0	0	0	0	0	0	0	1	0	0	0	0	0	0	0	0	0	0	0	0	0	0	1
Sweden EarlyViking lc.SG	M	1200	Sweden	57.350118	17.075842	0	0	0	0	0	0	0	1	0	0	0	0	0	0	0	0	0	0	0	0	0	0	1
Sweden Gotland Ajvide PittedWare BattleAxe.SG	F	4829	Sweden	57.28	18.2	0	0	0	0	0	0	0	0	0	0	0	0	0	0	0	0	0	1	0	0	0	0	1
Sweden Gotland Hemmor PittedWare BattleAxe.SG	F	5178	Sweden	57.22	18.57	0	0	0	0	0	0	0	0	0	0	0	0	0	0	0	0	0	1	0	0	0	0	1
Sweden Gotland Hemmor PittedWare BattleAxe.SG	M	5037	Sweden	57.22	18.57	0	0	0	0	0	0	0	0	0	0	1	0	0	0	0	0	0	1	0	0	0	0	2
Sweden Gotland Hemmor PittedWare BattleAxe minus.SG	M	5037	Sweden	57.22	18.57	0	0	0	0	0	0	0	0	0	0	1	0	0	0	0	0	0	1	0	0	0	0	2
Sweden Gotland Vasterbjers PittedWare BattleAxe.SG	M	4864	Sweden	57.58	18.7	0	0	0	0	0	0	0	0	0	0	0	0	0	0	0	0	0	1	0	0	0	0	1
Sweden Gotland Vasterbjers PittedWare BattleAxe minus.SG	F	4780	Sweden	57.58	18.7	0	0	0	0	0	0	0	0	0	0	0	0	0	0	0	0	0	1	0	0	0	0	1
Sweden IA 2.SG	F	1550	Sweden	56.535045	16.605026	0	0	0	0	0	0	0	1	0	0	0	0	0	0	0	0	0	0	0	0	0	0	1
Sweden LN.SG	M	3843	Sweden	55.397	13.6	0	0	0	0	0	0	0	0	0	0	1	0	0	0	0	0	0	0	0	0	0	0	1
Sweden Motala HG	M	7716	Sweden	58.535	15.046	0	0	0	0	0	0	0	0	0	0	0	0	0	0	0	0	0	2	0	0	0	0	2
Sweden PWC.SG	M	4700	Sweden	57.287	18.206	0	0	0	0	0	0	0	0	0	0	0	0	0	0	0	0	0	0	1	0	0	0	1
Sweden Viking.SG	F	978	Sweden	57.097901500000006	17.083091875	0	0	0	0	0	0	0	5	0	0	0	0	0	0	0	0	0	2	1	0	0	0	8
Sweden Viking.SG	M	915	Sweden	58.398718333333335	15.486435	0	0	0	0	0	0	0	6	1	1	2	0	0	0	0	0	2	0	0	0	0	0	12
Sweden Viking fail.due.to.high.heterozygosity.SG	F	1061	Sweden	59.61731	17.72361	0	0	0	0	0	0	0	1	0	0	0	0	0	0	0	0	0	0	0	0	0	0	1
Switzerland EBA 2	F	4509	Switzerland	47.255	8.2158	0	0	0	0	0	0	0	0	0	1	0	0	0	0	0	0	0	0	0	0	0	0	1
Switzerland EBA 2	M	4311	Switzerland	47.421394500000005	8.254562499999999	0	0	0	0	0	0	0	1	0	0	1	0	0	0	0	0	0	0	0	0	0	0	2
Switzerland LN	F	5593	Switzerland	47.23856	7.4261165	0	0	0	0	0	0	0	1	0	0	0	0	0	0	0	0	0	1	0	0	0	0	2
Switzerland LN	M	4897	Switzerland	47.33797	7.5075315	0	0	0	0	0	0	0	3	0	0	1	0	0	0	0	0	0	0	0	0	0	0	4
Switzerland LN father.or.son.Aes24.1d.rel.Aes19.1d.rel.Aes3	M	4864	Switzerland	47.465413	7.601691	0	0	0	0	0	0	0	1	0	0	0	0	0	0	0	0	0	0	0	0	0	0	1
Syria Ebla EMBA	F	3850	Syria	35.798	36.798	0	0	0	0	0	0	0	0	0	0	0	0	0	0	0	0	0	1	0	0	0	0	1
Syria TellQarassa Umayyad	F	1235	Syria	36.8309	41.4611	0	0	0	0	0	0	0	0	0	0	0	0	0	0	0	1	0	0	0	0	0	0	1
Taiwan Hanben IA	F	1550	Taiwan	24.327778	121.765556	0	0	0	0	0	0	0	0	0	0	0	0	1	0	0	0	0	0	0	0	0	0	1
Taiwan Hanben IA	M	1550	Taiwan	24.327778	121.765556	0	1	0	0	0	0	0	0	0	0	0	0	0	0	0	1	0	0	0	0	0	0	2
Tajikistan BA DashtiKozy	F	3423	Tajikistan	39.448056	68.031389	0	0	0	0	0	0	0	0	0	0	0	0	0	0	0	0	1	0	0	0	0	0	1
Tajikistan C Sarazm	F	5526	Tajikistan	39.507222	67.460833	0	0	0	0	0	0	0	0	0	1	0	0	0	0	0	0	0	0	0	0	0	0	1
Tanzania Zanzibar 1300BP lc.SG	F	1331	Tanzania	-6.4	39.5	0	0	0	0	0	0	0	0	0	0	0	1	0	0	0	0	0	0	0	0	0	0	1
Tanzania Zanzibar 1300BP noUDG	F	1331	Tanzania	-6.4	39.5	0	0	0	0	0	0	0	0	0	0	0	1	0	0	0	0	0	0	0	0	0	0	1
Tonga 2500BP	M	2625	Tonga	-21.177119	175.109078	0	1	0	0	0	0	0	0	0	0	0	0	0	0	0	0	0	0	0	0	0	0	1
Turkey Alalakh MLBA	F	3563	Turkey	36.23778	36.38472	0	0	0	0	0	0	0	1	0	0	0	0	0	0	0	0	1	1	0	0	0	0	3
Turkey Archaic SubGeometric	M	2565	Turkey	37.34	28.04	0	0	0	0	0	0	0	0	0	0	0	0	0	0	0	0	0	1	0	0	0	0	1
Turkey Arslantepe EBA	F	4553	Turkey	38.381944	38.361111	0	0	0	0	0	0	0	0	0	0	1	0	0	0	0	0	0	0	0	0	0	0	1
Turkey Arslantepe LateC	F	5406	Turkey	38.381944	38.361111	0	0	0	0	0	0	0	0	0	1	1	0	0	0	0	0	0	0	0	0	0	0	2
Turkey Arslantepe LateC	M	5393	Turkey	38.381944	38.361111	0	0	0	0	0	0	0	0	0	0	1	0	0	0	0	0	0	0	0	0	0	0	1
Turkey Arslantepe LateC brother.ART014	M	5384	Turkey	38.381944	38.361111	0	0	0	0	0	0	0	0	0	0	0	0	0	0	0	0	0	0	0	0	1	0	1
Turkey AsikliHoyuk EN Preceramic.SG lc	F	10018	Turkey	38.3482	34.2303	0	0	0	0	0	0	0	0	0	0	1	0	0	0	0	0	0	0	0	0	0	0	1
Turkey AssyrianColonyPeriod.SG	F	3825	Turkey	39.345805	33.78813	0	0	0	0	0	0	0	0	0	0	0	0	0	0	0	0	0	1	0	0	0	0	1
Turkey Barcin LN.SG	M	8316	Turkey	40.302	29.607	0	0	0	0	0	0	0	0	0	0	0	0	0	1	0	0	0	0	0	0	0	0	1
Turkey Boncuklu N	F	10190	Turkey	37.75	32.866667	0	0	0	0	0	0	0	0	0	0	0	0	0	0	0	0	0	1	0	0	0	0	1
Turkey Byzantine	F	650	Turkey	37.3	28.03	0	0	0	0	0	0	0	1	0	0	0	0	0	0	0	0	0	0	0	0	0	0	1
Turkey C dup.I1584 do.not.mergeI2500	F	5770	Turkey	40.3	29.56	0	0	0	0	0	0	0	0	0	0	1	0	0	0	0	0	0	0	0	0	0	0	1
Turkey CamlibelTarlasi LateC	F	5503	Turkey	40.019745	34.586129	0	0	0	0	0	0	0	1	0	0	1	0	0	0	0	0	0	0	0	0	0	0	2
Turkey Catalhoyuk N Ceramic.SG	F	8568	Turkey	37.6661	32.8257	0	0	0	0	0	0	0	0	0	0	1	0	0	0	0	0	0	0	0	0	0	0	1
Turkey EBA	F	5045	Turkey	40.69	35.56	0	0	0	0	0	0	0	0	0	0	0	0	0	0	0	0	1	0	0	1	0	0	2
Turkey EBA	M	4450	Turkey	36.69	37.17	0	0	0	0	0	0	0	0	0	0	0	0	0	1	0	0	0	0	0	0	0	0	1
Turkey EBA noUDG	F	4514	Turkey	37.91774	30.70839	0	0	0	0	0	0	0	0	0	0	1	0	0	0	0	0	0	0	0	0	0	0	1
Turkey EBA noUDG	M	4355	Turkey	37.91774	30.70839	0	0	0	0	0	0	0	1	0	0	0	0	0	0	0	0	0	0	0	0	0	0	1
Turkey Hellenistic	M	2368	Turkey	37.044768	27.436551	0	0	0	0	0	0	0	1	0	0	0	0	0	0	0	0	0	0	0	0	0	0	1
Turkey IA	F	2593	Turkey	37.79	41.01	0	0	0	0	0	0	0	0	0	1	0	0	0	0	0	0	0	0	0	0	0	0	1
Turkey IA	M	2750	Turkey	38.34	43.45	0	0	0	0	0	0	0	0	0	0	0	0	0	0	0	0	0	1	0	0	0	0	1
Turkey IA o6	F	2500	Turkey	37.79	41.01	0	0	0	0	0	0	0	0	0	1	0	0	0	0	0	0	0	0	0	0	0	0	1
Turkey IA o6	M	2401	Turkey	37.79	41.01	0	0	0	0	0	0	0	1	0	0	0	0	0	0	0	0	0	0	0	0	0	0	1
Turkey Ikiztepe LateC	F	5165	Turkey	41.613694	35.871136	0	0	0	0	0	0	0	0	0	1	0	0	0	0	0	0	0	0	0	0	0	0	1
Turkey Ikiztepe LateC	M	5821	Turkey	41.613694	35.871136	0	0	0	0	0	0	0	0	0	0	0	0	0	0	0	0	0	1	0	0	0	0	1
Turkey MBA	M	4450	Turkey	36.69	37.17	0	0	0	0	0	0	0	0	0	0	1	0	0	0	0	0	0	0	0	0	0	0	1
Turkey N	F	8205	Turkey	40.3037	29.6085	0	0	0	0	0	0	0	1	0	0	0	0	0	0	0	0	0	0	0	0	0	0	1
Turkey N	M	8157	Turkey	40.3037	29.570000000000004	0	0	0	0	0	0	0	0	0	0	1	0	0	0	0	0	1	1	0	0	0	0	3
Turkey N.DG	M	8273	Turkey	40.3037	29.6085	0	0	0	0	0	0	0	0	0	0	1	0	0	0	0	0	0	0	0	0	0	0	1
Turkey N.SG	M	8272	Turkey	40.3037	29.6085	0	0	0	0	0	0	0	0	0	0	0	0	0	0	0	0	0	0	0	0	1	0	1
Turkey Ottoman Tajik Turkic possible.SG	F	450	Turkey	39.345805	33.78813	0	0	0	1	0	0	0	0	0	0	0	0	0	0	0	0	0	0	0	0	0	0	1
Turkey PPNA	F	10700	Turkey	37.5262	41.8452	0	0	0	0	0	0	0	0	0	0	1	0	0	0	0	0	0	0	0	0	0	0	1
Turkey Roman 1	M	1665	Turkey	41.313	36.33	0	0	0	0	0	0	0	0	0	0	0	0	0	0	0	0	0	1	0	0	0	0	1
Turkey Roman 5	F	1900	Turkey	40.18	28.69	0	0	0	0	0	0	0	0	0	0	1	0	0	0	0	0	0	0	0	0	0	0	1
Turkey Roman 5	M	1726	Turkey	37.3	28.03	0	0	0	0	0	0	0	0	0	1	0	0	0	0	0	0	0	0	0	0	0	0	1
Turkey SoutheastByzantine	F	1071	Turkey	36.933499999999995	39.061	0	0	0	0	0	0	0	0	0	0	0	0	0	1	0	0	0	1	0	0	0	0	2
Turkey SoutheastByzantine father.or.son.I14651	M	750	Turkey	36.87	37.54	0	0	0	0	0	0	0	0	0	0	0	0	0	0	0	0	0	1	0	0	0	0	1
Turkey TellAtchana MLBA	M	3550	Turkey	36.2378	36.3847	0	0	0	0	0	0	0	0	0	0	1	0	0	0	0	0	0	0	0	0	0	0	1
Turkey WestByzantine	F	1350	Turkey	40.42	29.71	0	0	0	0	0	0	0	0	0	0	0	0	0	0	0	0	0	0	0	0	1	0	1
Turkey WestByzantine	M	1317	Turkey	40.44	29.572000000000003	0	0	0	0	0	0	0	1	0	1	0	0	0	0	0	0	1	0	0	0	0	0	3
Turkey WestByzantine oEuropean	F	1478	Turkey	40.42	29.71	0	0	0	0	0	0	0	1	0	0	0	0	0	0	0	0	0	0	0	0	0	0	1
Turkmenistan BA Gonur 4	F	4188	Turkmenistan	38.21228	62.03443	0	0	0	0	0	0	0	1	0	0	0	0	0	0	0	0	0	0	0	0	0	0	1
Turkmenistan C Geoksyur	F	5050	Turkmenistan	37.1907	61.0343	0	0	0	0	0	0	0	1	0	0	0	0	0	0	0	0	0	0	0	0	0	0	1
Turkmenistan Gonur BA 1	M	3832	Turkmenistan	38.21228	62.03443	0	0	0	0	0	0	0	0	0	0	0	0	0	0	0	0	1	0	0	0	0	0	1
Turkmenistan Gonur BA 1 lc	M	4000	Turkmenistan	38.21228	62.03443	0	0	0	0	0	0	0	0	0	1	0	0	0	1	0	0	0	0	0	0	0	0	2
Turkmenistan Gonur BA 1 o3	M	4254	Turkmenistan	38.21228	62.03443	0	0	0	0	0	0	0	0	0	0	0	0	0	0	0	0	1	0	0	0	0	0	1
Turkmenistan LBA Parkhai	F	3250	Turkmenistan	38.348048	56.24543	0	0	0	0	0	0	0	1	0	0	0	0	0	0	0	0	0	0	0	0	0	0	1
USA AK Ancient Athabaskan 1100BP.SG	M	725	USA	62.951189	-155.594724	1	0	0	0	0	0	0	0	0	0	0	0	0	0	0	0	0	0	0	0	0	0	1
USA AK PaleoAleut	F	1065	USA	52.988368	-168.8205659	0	0	0	1	0	0	0	0	0	0	0	0	0	0	0	0	0	0	0	0	0	0	1
USA AK Prehistoric.SG	M	10366	USA	56.333333	-133.591667	0	0	0	1	0	0	0	0	0	0	0	0	0	0	0	0	0	0	0	0	0	0	1
USA Ancient Beringian.SG	F	11425	USA	64.22	-145.7	0	1	0	0	0	0	0	0	0	0	0	0	0	0	0	0	0	0	0	0	0	0	1
USA CA Chumash.SG	F	1550	USA	34.901389	-120.648056	0	0	0	1	0	0	0	0	0	0	0	0	0	0	0	0	0	0	0	0	0	0	1
USA CA Chumash.SG	M	1503	USA	34.901389	-120.648056	2	0	0	0	0	0	0	0	0	0	0	0	0	0	0	0	0	0	0	0	0	0	2
USA CA Early SanNicolas lc.SG	M	4875	USA	33.264278	-119.539	1	0	0	0	0	0	0	0	0	0	0	0	0	0	0	0	0	0	0	0	0	0	1
USA CA LSCI.SG	F	950	USA	32.9	-118.5	0	0	2	0	0	0	0	0	0	0	0	0	0	0	0	0	0	0	0	0	0	0	2
USA CA Late SanNicolas.SG	F	3150	USA	33.264278	-119.539	0	1	0	0	0	0	0	0	0	0	0	0	0	0	0	0	0	0	0	0	0	0	1
USA CA Late SanNicolas contam.SG	F	3150	USA	33.264278	-119.539	0	1	0	0	0	0	0	0	0	0	0	0	0	0	0	0	0	0	0	0	0	0	1
USA MarianaIslands Latte	F	400	USA	15.211057	145.716839	0	0	0	0	1	0	0	0	0	0	0	0	0	0	0	0	0	0	0	0	0	0	1
USA MarianaIslands Latte	M	400	USA	15.211057	145.716839	0	0	0	0	2	0	0	0	0	0	0	0	0	0	0	0	0	0	0	0	0	0	2
USA MarianaIslands Latte mother.I24593	F	525	USA	15.211057	145.716839	0	0	0	0	1	0	0	0	0	0	0	0	0	0	0	0	0	0	0	0	0	0	1
USA MarianaIslands Latte o	F	400	USA	15.211057	145.716839	0	0	0	0	1	0	0	0	0	0	0	0	0	0	0	0	0	0	0	0	0	0	1
USA Nevada LovelockCave 1850BP.SG	F	1935	USA	39.96	-118.56	0	0	0	1	0	0	0	0	0	0	0	0	0	0	0	0	0	0	0	0	0	0	1
Ukraine Alexandria MBA	M	3985	Ukraine	49.540678	37.697994	0	0	0	0	0	0	0	1	0	0	0	0	0	0	0	0	0	0	0	0	0	0	1
Ukraine LateSrubnaya.SG	F	2587	Ukraine	49.32555	35.370367	0	0	0	0	0	0	0	0	0	0	0	0	0	0	0	0	1	0	0	0	0	0	1
Ukraine Mesolithic	M	10658	Ukraine	47.434167	35.276389	0	0	0	0	0	0	0	0	0	0	0	0	0	0	0	0	0	1	0	0	0	0	1
Ukraine N	F	7200	Ukraine	47.9543	35.3893	0	0	0	0	0	0	0	0	0	0	0	0	0	0	0	0	0	1	0	0	0	0	1
Ukraine Scythian.SG	M	2568	Ukraine	46.323	29.4702	0	0	0	0	0	0	0	0	0	1	0	0	0	0	0	0	0	0	0	0	0	0	1
Ukraine VertebaCave MLTrypillia	M	5646	Ukraine	48.783	25.852	0	0	0	0	0	0	0	0	0	1	0	0	0	0	0	0	0	0	0	0	0	0	1
Ukraine Viking 1d.rel.VK539.SG	F	900	Ukraine	51.37	31.18	0	0	0	0	0	0	0	0	0	0	0	0	0	0	0	0	0	0	1	0	0	0	1
Uzbekistan Bustan BA	M	3400	Uzbekistan	37.666667	67.0	0	0	0	0	0	0	0	1	0	0	0	0	0	0	0	0	0	0	0	0	0	0	1
Uzbekistan Bustan Eneolithic	M	5099	Uzbekistan	37.666667	67.0	0	0	0	0	0	0	0	0	0	0	0	0	0	0	0	0	0	0	0	1	0	0	1
Uzbekistan Dzharkutan BA 3	F	3642	Uzbekistan	37.75	67.0	0	0	0	0	0	0	0	1	0	0	0	0	0	0	0	0	0	0	0	0	0	0	1
Uzbekistan SappaliTepe BA	F	3824	Uzbekistan	37.416667	66.833333	0	0	0	0	0	0	0	0	0	0	0	0	0	0	0	0	0	1	0	0	0	0	1
Vanuatu 150BP noUDG	F	215	Vanuatu	-17.67883889	168.534731	0	0	0	0	0	0	0	0	0	0	0	0	0	0	1	0	0	0	0	0	0	0	1
Venezuela LasLocas Ceramic	M	2235	Venezuela	10.03	-69.64	0	1	0	0	0	0	0	0	0	0	0	0	0	0	0	0	0	0	0	0	0	0	1
Vietnam BA DongSonCulture.SG	F	2245	Vietnam	19.801	105.75	0	0	0	0	0	1	0	0	0	0	0	0	1	0	0	0	0	0	0	0	0	0	2
Vietnam N noUDG	F	3762	Vietnam	20.133333	105.983333	0	0	0	0	0	0	0	0	0	0	0	0	1	0	0	0	0	0	0	0	0	0	1
Wales C EBA	M	3563	United Kingdom	53.33	-3.84	0	0	0	0	0	0	0	0	1	0	0	0	0	0	0	0	0	0	0	0	0	0	1
Wales LBA	M	3050	United Kingdom	51.537627	-4.211801	0	0	0	0	0	0	0	0	0	0	0	0	0	0	0	0	0	1	0	0	0	0	1
Wales N.SG	F	5533	United Kingdom	51.63253	-4.692903	0	0	0	0	0	0	0	0	0	0	0	0	0	0	0	0	0	1	0	0	0	0	1
Wales N.SG	M	5300	United Kingdom	52.034891	-3.193573	0	0	0	0	0	0	0	0	0	0	0	0	0	0	0	0	1	0	0	0	0	0	1
