Ancient pop	Sex	A	B	C	D	E	F	G	H	I	J	K	L	M	N	P	R	T	U	V	W	X	Z
Albania BA IA	F								H1a														
Albania BA IA	M								H1u2									T2b23					
Albania BA IA oCroat 1d.rel.I16256	M								H+152														
Albania MBA	M								H1h1														
Argentina ArroyoSeco2 7700BP	M				D1																		
Argentina NorthTierradelFiego Selknam 100BP.SG	M				D1g5 																		
Argentina NorthTierradelFuego Selknam 500BP	F				D1g+16189																		
Armenia Aknashen N	M									I1													
Armenia C	M											K											
Armenia EBA	M																					X2f	
Armenia EBA KuraAraxes o2 lc	M																	T2h					
Armenia EIA	F																	T2b					
Armenia EIA	M																		U3c				
Armenia LBA	F																R1a1a	T2i1			W6b		
Armenia LBA	M											K1a			N1b1a2			T2c1a					
Armenia LBA EIA	M											K1a4b			N1a1a+152								
Armenia LIA o2	F			C5c+16234																			
Armenia Lchashen LBA	F								H4a1a1a									T2h			W1+119		
Armenia MBA	M																		U1a1a1a				
Armenia UrartianEmpire	F										J1b												
Austria Kleinhadersdorf LBK EN.SG	F																				W1-119		
Austria Krems1 2 twin.I2483	M																		U5				
Azerbaijan Caucasus lowlands LN	F																		U7				
Bahamas AbacoIsl Ceramic	F		B2e																				
Bahamas CrookedIsl Ceramic	M			C1b																			
Bahamas EleutheraIsl Ceramic	F			C1b																			
Bahamas EleutheraIsl Ceramic	M		B2																				
Bahamas SouthAndros Ceramic	M		B2e																				
Belize 4600BP	F			C1c																			
Belize 4600BP	M			C5b																			
Bolivia Lukurmata Tiwanaku	F			C1b																			
Bolivia Totocachi Tiwanaku	F		B2																				
Botswana Taukome EIA	F												L0d3b1										
Brazil LapaDoSanto 9600BP	F	A2																					
Brazil LapaDoSanto 9900BP 1d.rel.Lapa25	M			C1d1																			
Bulgaria C	F								H7									T2e					
Bulgaria EBA Yamnaya	M																		U5a2b				
Bulgaria EBA oEast contam	F										J2a1												
Bulgaria EBA oNorth	M																				W		
Bulgaria EIA	M								H13b1+200,H13a1a1										U5a1a1				
Bulgaria EIA lc	M								H55+153														
Bulgaria EIA o	F			C4a1a+195																			
Bulgaria LIA	M								HV9														
Bulgaria MalakPreslavets N	F								H5b														
Bulgaria Medieval	F																		U2e2a1a				
Bulgaria Medieval oEastAsia	M																		U5a1b1c				
Bulgaria Varna C	M																	T2b2b					
Cameroon SMA	M												L0a2a1										
Chile LosRieles 12000BP	M			C1b																			
Chile StraitOfMagellan Kaweskar 100BP o.SG	M				D4h3a 																		
China AR EN	F			C4a1a																			
China AR IA	M														N9a9								
China AR Xianbei IA	M			C4a1a4a,C5a1																			
China Guangxi Cenxun Sui Tang	F													M7b1a1+(16192)									
China Guangxi Huatuyan Ming.SG	M			C7a																			
China Guangxi Yiyang NorthernAndSouthernDynasties Sui Tang	F													M7b1a1a3									
China SEastAsia Island EN	M					E																	
China Tianyuan	M		B																				
China Upper YR LN	M							G3a2															
China Wuzhuangguoliang LN.EC	F		B4a2b1																				
China Xinjiang Ayituohan BA Afanasievo	F																	T2d1a					
China Xinjiang Baiyanghe Historical	F				D4c2a																		
China Xinjiang Bolati IA	F								H6a1b2														
China Xinjiang Chaganguole(Chagangole) BA Chemurcheck	M				D4j15																		
China Xinjiang Chaganguole BA Chemurcheck	M	A12																	U7a3a				
China Xinjiang G218 IA Scythian Yuezhi Wusun possible	F			C4a2c	D5a2a1b																		
China Xinjiang Hetian Historical	F																	T1a1					
China Xinjiang Jierzankale IA	M								H13a2a														
China Xinjiang Jirentaigoukou EIA o	F																	T1a1					
China Xinjiang Kafulang Historical	F						F2f																
China Xinjiang Kuokesuxi EIA	M								H101														
China Xinjiang Liushui IA	M								H14b2								R2+13500						
China Xinjiang Qiafuqihaishuiku IA Scythians Wusun possible	F										J1b1a1												
China Xinjiang Sandaohaizi IA lc	F			C4a1a+195																			
China Xinjiang Simutasi Historical	M							G2a2															
China Xinjiang Songshugou BA	F																R1b						
China Xinjiang Songshugou EIA	F																		U4b1a1a1,U7a				
China Xinjiang Songshugou EIA	M				D4e1																		
China Xinjiang Tangbalesayi IA Scythians Wusun possible	M														N9a9								
China Xinjiang Wutulan IA	F			C1e																			
China Xinjiang Wutulan IA	M			C4														T2b4h					
China Xinjiang Wutulan IA Suodunbulake possible	F	A26																					
China Xinjiang Wuzan IA	F	A8a1																					
China Xinjiang Wuzan IA oEastAsia	F							G3a3															
China Xinjiang Xiaohe BA	F			C4																			
China Xinjiang Xiaohe BA.SG	F			C4																			
China Xinjiang Zeketai IA	M																R1b1						
China Xinjiang Zhagunluke(Zaghunluq) IA Zaghunluq	F								H5a1														
China Xinjiang Zhagunluke IA Zaghunluq	M																	T1a1b1					
China YR LBIA	F			C4a1a2																			
China YR MN	M				D4g2a1																		
Croatia C	M								H5a+152														
Croatia C Lasinja	F								H4a1														
Croatia C Lasinja	M								H13b1+200,H						N1a1a								
Croatia EIA	F								HV0e														
Croatia EIA	M								H+195														
Croatia EN Impressa	M								H7c														
Croatia LBA EIA lc	F								H13a2a														
Croatia MBA	M									I1a1													
Croatia MBA Cetina	M										J1c1,J1c1												
Croatia MLBA	F								H5r									T2a1b1,T2c1d+152	U5a,U8b1b1				
Croatia MLBA	M																	T2c1a2		V1a1			
Croatia MLBA brother.I18078.father.I18071	M								H5r														
Croatia Medieval	F								H														
Croatia Medieval sister.I15744	F																					X2e2b	
Croatia N Cardial	M														N1a1a								
Croatia Popova MN.SG	M								H,H			K1a1											
Croatia Popova RomanP.SG	M																	T2f2					
Cuba CanimarAbajo Archaic	F				D1																		
Cuba CanimarAbajo Archaic	M				D1																		
Cuba CuevaPerico Archaic	F				D1																		
Cuba CuevaPerico Archaic	M				D1																		
Cuba GuayaboBlanco Archaic	M				D1																		
Curacao SantaCruz Ceramic	F			C1b																			
Czech BellBeaker	F								H4a1c,H5a1g			K1a2c							U8b1b1				
Czech BellBeaker	M								H1m		J1c7							T2b11,T2e			W3a1c		
Czech BellBeaker brother.I4888	M											K1a2c											
Czech C Baalberge	F																		U3a1				
Czech C Baalberge	M								H														
Czech CordedWare	F								H2a3			K2a5						T1a1	U5a2a1			X2b	
Czech CordedWare o1	F											K2a											
Czech EBA Unetice	F								H13a1a,H6c		J1c2							T2e,T2b23	U5b1c2,U5a1a1,U5b1c2,U5a1i1	V	W1c		
Czech EBA Unetice	M								H			K1b1b1						T2b	U2e2a1c				
Czech EBA Unetice brother.I14585	M											K1a1b2a											
Czech EBA Unetice father.MIB015.father.MIB010.father.MIB030.father.MIB035.father.MIB018.father.MIB011	M										J1c												
Czech EBA Unetice father.or.son.MIB083.1d.rel.MIB078	M														N1								
Czech EBA Unetice mother.MIB034.MIB033	F								H7b														
Czech EBA Unetice sister.MIB015.sister.MIB010.sister.MIB030.sister.MIB035.sister.MIB018.daughter.MIB012	F											K1b1b1											
Czech EBA Unetice sister.MIB071	F											K1a1b2a											
Czech EBA Unetice sister.PDA002	F																		U5a1b1				
Czech EBA Unetice son.MIB038.brother.MIB045.father.MIB039	M																			V22			
Czech EMBA	F										J1c3												
Czech IA Hallstatt	F																				W6a		
Czech IA Hallstatt lc	M										J1c1												
Czech IA LaTene	F								H5c,H			K1a4a1											
Czech IA LaTene	M								H3ag,H5a4a1,H26a1			K1a26							U5b2b1a1				
Czech IA LaTene 1d.rel.I20504 lc	M								H3ag														
Czech IA LaTene mother.or.daughter.I15039	F								H6a1a														
Czech LBA Knoviz	F																		U2e1a1				
Czech LBA Knoviz	M								H1+16189														
Czech LBA Knoviz o3	F																	T2b					
Czech LN	F																					X2b4	
Czech MBA Tumulus	F																	T1a1					
Czech N	F																		U8b1b1				
Czech N	M														N1a1a								
Czech N GlobularAmphora	F											K1a3a											
Czech N Rivnac mother.or.daughter.KO1016	F								HV														
Czech N TRB	F											K2a											
Czech Vestonice13 lc	M																		U8c				
Denmark EarlyViking.SG	M																		U5a1a				
Denmark LBA.SG	M																	T2b					
Denmark LN.SG	F								H3b														
Denmark Viking.SG	F								H3b3														
Denmark Viking.SG	M								H6a1a5,H4a1a4b	I4a								T1a1,T2b+152	U5b1+16189+@16192,U5a1a2b				
Denmark Viking lc.SG	F								H6a2														
Denmark Zealand Saxon Medieval	F								HV+16311,H1b,H10c1,H31														
Dominican Andres Archaic	F				D1																		
Dominican Atajadizo Ceramic	F			C1b2,C1b2																			
Dominican Atajadizo Ceramic	M	A2																					
Dominican CuevaJuana Ceramic	F			C1b2																			
Dominican CuevaRoja Archaic	F			C1d1																			
Dominican ElFrances Ceramic	M			C1b2																			
Dominican JuanDolio Ceramic	F	A2+(64)		C1b																			
Dominican JuanDolio Ceramic	M	A2+(64)																					
Dominican LaCaleta Ceramic	F			C1b2																			
Dominican LaCaleta Ceramic	M			C1b2,C1b2,C1b2,C1b2																			
Egypt Ptolemaic contam	M																		U6a2				
England BellBeaker	F																	T2c1d+152					
England BellBeaker	M											K1b1a1											
England BellBeaker lowEEF	F																R1a1a						
England C EBA	F								H5c,H2a3,H1c			K1a1b1											
England C EBA	M								H5c	I4a		K1c1						T2b4+152	U4b1b2				
England C EBA lowEEF	M																					X2b+226	
England Derbyshire IA oEEF.SG	M								H10b														
England EIA	F								H1aq														
England EIA	M								H5a1	I4a								T2b1		V			
England EarlyMedieval	F											K1c2											
England EarlyMedieval	M								H5		J1c5,J1c1b1a								U5a2a1				
England EarlyMedieval 1d.rel.I11574.I11572	M								HV6														
England EarlyMedieval Saxon	F										J2a1a1a							T2b4+152		V+@16298			
England EarlyMedieval Saxon	M								H1a3b									T2f1a1	U2e2a1a				
England EarlyMedieval Saxon.SG	F								H2a2b1														
England EarlyMedieval father.I14541	M																					X2b5	
England EarlyMedieval o	F									I3a													
England EastYorkshire MIA LIA	F																	T2c1d1a					
England EastYorkshire MIA LIA	M								H2a3b,H2a3b														
England IA	F																		U4b1a1a1				
England IA Roman.SG	M										J1b1a1												
England Kent AngloSaxon Emedieval lc	M									I2													
England LBA	F								H3														
England LBA lc	M																		U5a1g1				
England LIA	F																		U5a1b1e				
England LIA	M								H66a1,H5'36														
England MBA	F										J1c2e												
England MBA	M								H1an1a										U5a1a1				
England MIA	F								H1c3a,H1o,H1ag1			K2b1a							U5a1b1e	V2b			
England MIA	M								H1bb,H1n6									T2b1,T1a1+@152	U5a2a1				
England MIA LIA	F								H5s									T2b33					
England MIA LIA	M									I2a	J1c3	K2b1a1a						T1a1	U5b2b3,U2e1a1				
England MIA lc	M								H														
England MIA lowEEF	F																	T2b4c					
England Mesolithic.SG	F																		U5a2				
England N	M								H1c									T2c1d1					
England N Megalithic	M																	T2e1					
England N o	M								H														
England Viking.SG	M								H4a1a4b,H1a1	I1a1e								T1a1q					
England Viking lc.SG	M									I3a1													
England Viking o.SG	M											K2a5											
Estonia BA.SG	M											K1c1h							U4a2b				
Estonia BA.SG 1d.rel.s19 V14 2.SG	M																	T2a1b1a1					
Estonia CordedWare.SG o1	F								H5a1														
Estonia EMN Narva	M																		U4a1				
Estonia EarlyViking.SG	M								H2a2b1,H1b,H17a2			K1c1h						T2b5a,T2e1	U4a2a1				
Estonia IA.SG	M								H1c														
Faroes EarlyModern.SG	F								H17														
Faroes EarlyModern 1d.rel.VK236.VK25.SG	M								H3a1a														
France BA	M																R1a1a						
France BellBeaker LowSteppe	M								H														
France EN MN o	M											K1a2b											
France GrandEst IA1.SG	F										J1c2o	K1a2a											
France GrandEst IA2	F											K1a1b1											
France GrandEst IA2.SG	F								H1q														
France GrandEst LBA.SG	F																		U5b2b				
France GrandEst MN.SG	F										J1c1b												
France GrandEst MN.SG	M											K1a1a							U8b1b1				
France HautsDeFrance MN.SG	M								H1e														
France MN	F								H26			K1a3a							U5b3,U5b1c	V			
France MN	M										J2a1a1	K1a											
France MN 1	F																	T2b3+151	U3a1				
France MontAime MLN.SG	M										J1c5	K1a4a1h											
France MontAime MLN father.or.son.2H10.SG	M																		U5b1i				
France N	M																			V			
France Occitanie MN.SG	F								H-16291											V10a			
France Ranchot88	F																		U5b1				
France SouthEast IA2	M								H1bt1														
Georgia Satsurblia.SG	M											K3											
Germany AltInden Saxon EMedieval	M																		U3a1				
Germany AltInden Saxon EMedieval father.or.son.IND001.A	M								H2a2														
Germany Anderten Saxon Medieval daughter.ADN001.sister.ADN005.ADN009	F								H2a2a1														
Germany Anderten Saxon Medieval father.ADN005.ADN003.ADN009	M								H56														
Germany BellBeaker	F								H5a1,H5a1,H1,H2a1e												W1c1		
Germany BellBeaker	M								H1e1a,HV9,HV														
Germany CordedWare	F										J1c1b1a												
Germany CordedWare o1.SG	F										J1b1a1												
Germany Drantum Saxon Medieval	F								H51,H1bd			K1a4a1a2b											
Germany Dunum Saxon Medieval dup.DUN001.A	M																		U2e2a1a				
Germany Dunum Saxon Medieval dup.DUN001.B	M																		U2e2a1a				
Germany EMedieval Alemanic SEurope	M																	T2					
Germany EN LBK	F								H2a2a1						N1a1a1a2,N1a1a1a			T2b					
Germany EN LBK	M																		U5a2d				
Germany EN LBK Stuttgart.DG	F																	T2c1d1					
Germany EN LBK lc	M																	T2b					
Germany EarlyMedieval.SG	M								H1	I1													
Germany EarlyMedieval o1.SG	F																	T1 					
Germany Hiddestorf Saxon EMedieval	M											K1a4a1e											
Germany Lech BellBeaker	F											K1a											
Germany Lech BellBeaker	M										J1c												
Germany Lech BellBeaker lc	F								H2a1														
Germany Lech BellBeaker possible.contam	F								H1														
Germany Lech EBA	F																			V7		X2b+226	
Germany Lech EBA	M											K2a5											
Germany Lech EBA contam	M											K2a5											
Germany Lech EBA o2 lc	F											K1a4a1							U4a				
Germany Lech EBA possible.contam	F								H2a1			K1a2a							U5b2a1a1				
Germany Lech EBA sister.AITI 77B lc	F									I1a1													
Germany Lech EBA sister.AITI 77B possible.contam	F									I1a1													
Germany Lech MBA	M								H3														
Germany Lech MBA lc	F								H														
Germany MN	M										J2b1a												
Germany MN Salzmuende	F								H3+152														
Germany Ofnet lc	F																		U5b1d1				
Germany Saxony LBK N	F											K2a			N1a1a1								
Germany Saxony LBK N	M								HV+16311														
Germany Saxony LBK N 1d.rel.DER018	F																					X2b	
Germany Schleswig Saxon LMedieval	M								H5a1c1a										U5a1b1				
Germany SouthernGermany Singen EBA	F								H5a1,H+16129														
Germany SouthernGermany Singen EBA	M								H76a														
Germany Tauber CordedWare lc	F											K1b2b 											
Germany Tauber CordedWare lc	M																		U5a1a1 				
Germany Tollense BA.SG	M																	T2b					
Greece Delphi BA Mycenaean	F																		U3b				
Greece Minoan Odigitria	F											K1a2											
Greece N.SG	F																					X2b	
Greenland EarlyNorse.SG	F																		U5b1e1				
Greenland LateNorse lc.SG	F									I2													
Guam LateLatte	F					E2a																	
Guam LateUnai	F		B4a1a1			E																	
Guam Latte	F					E2a,E2a,E2,E2a,E2a,E1a1b																	
Guam Latte	M					E2a,E2a,E2a																	
Guam Latte brother.I24529	M					E2a																	
Guam Latte mother.or.daughter.I24518.I24581	F					E2																	
Guam Latte sister.I24574	F					E2a																	
Guam PreLatte	F					E																	
Haiti Diale1 Ceramic	F				D1																		
Hungary Avar 5	F																					X2m'n	
Hungary BA.SG	M										J1b												
Hungary C Balaton Lasinja	F																	T2					
Hungary C Balaton Lasinja	M								H40														
Hungary Conqueror Commoner	F								H5		J2b1c								U4				
Hungary Conqueror Commoner	M								H1u2			K1a3						T2b					
Hungary Conqueror Elite	F								H1c														
Hungary Conqueror Elite	M	A13		C4a1a3	D4e4						J1b1a1+146	K1a							U5a2b2a,U3b1b				
Hungary DanubeTisza EAvar	M				D4j5a		F1b1b																
Hungary DanubeTisza LAvar	M			C4a1a4																			
Hungary DanubeTisza LSarmation EHun	F			C5c+16234																			
Hungary DanubeTisza MAvar	F								HV2a3														
Hungary EBA BellBeaker	M																			V3			
Hungary EBA Protonagyrev	M								H1b1														
Hungary EIA	M								H4a1a+195														
Hungary EN Koros o	F											K											
Hungary EN Starcevo 1	M														N1a1a1								
Hungary EarlyArpadian	F								H13a2b2a,H10e										U5a1a2				
Hungary EarlyAvar	F											K1c2											
Hungary EarlyAvar	M								H52		J1c10	K1c2							U3b1b				
Hungary EarlyAvar Elite	F														N								
Hungary EarlyC Tiszapolgar	M																	T2c1+146					
Hungary EarlyC Tiszapolgar Bodrogkeresztur	M								H1														
Hungary IA LaTene o	M																	T2b					
Hungary IA LaTene oEast	M																		U5a1b				
Hungary IA LaTene oWest	F																		U8b1b2				
Hungary IA Scythian.SG	F								H2a2														
Hungary LBA	M								H79														
Hungary LN Tisza	M											K1b1+(16093)											
Hungary Langobard	M																		U4b1b				
Hungary Langobard.SG	M											K2a3a						T1a1					
Hungary LateAvar	F							G2a2										T1a5,T1a1	U5a2b2a			X2k	Z1a
Hungary LateAvar	M	A+152+16362							H1au										U2e1b1,U5a1g				
Hungary LateC Baden	M											K1a											
Hungary LateC EBA Baden Yamnaya	M								H+16129														
Hungary LateC Protoboleraz	F														N1a1a3								
Hungary MBA Vatya.SG	F								H2a1										U5a2a				
Hungary MN ALPc Bukk	F																					X2b+226	
Hungary MN ALPc Szakalhat	F										J1c1												
Hungary MN LBK lc	F								H														
Hungary MN Vinca	F																		U2+152				
Hungary Maros EBA.SG	F											K1a2a											
Hungary MidAvar	M								H2a1f								R0a1a						
Hungary MidAvar oEastAsiaHigh	F											K1b1a1+199											
Hungary NorthHungaryMountains LAvar	M										J1c3												
Hungary Starcevo EN	M								H46														
Hungary Transtisza EAvar	M				D5b1																		
Hungary Transtisza LSarmation EHun oEast	F								H1m														
Iceland Early Christian.SG	M								HV17a 														
Iceland Pre Christian.SG	M									I2								T2b2b 					
Iceland Viking.SG	F																	T2b4					
India RoopkundA	M								H13a2a														
India RoopkundB	M											K1a											
Indonesia Kayoa GuaUattamdi N	M					E1a1a1																	
Indonesia LN BA IA.WGC	F						F1a1a																
Iran C TepeHissar	F										J1d								U5b2				
Iran C TepeHissar	M																				W3b		
Iran DinkhaTepe BA IA 2	F																	T2c1c					
Iran GanjDareh N	M										J1												
Iran HajjiFiruz BA noUDG	F									I1b													
Iran Hasanlu IA noUDG	F																	T1a10					
Iran Hasanlu IA noUDG	M								H+195														
Iran ShahrISokhta BA1	F																	T1a3					
Iran ShahrISokhta BA2	M																		U2c1				
Iran ShahrISokhta BA2 contam lc	M								H2a														
Iran ShahrISokhta BA2 lc	F																R						
Ireland EBA.SG	M										J2b1a								U5b2a2				
Ireland EN.SG	M																		U4a2f				
Ireland EN MN.SG	M																		U5b2b				
Ireland Kilteasheen AngloSaxon EMedieval Norman	F								H13a1a4														
Ireland Kilteasheen AngloSaxon EMedieval Norman	M								H3ao,H	I4a								T2b		V10a			
Ireland MN.SG	M																	T2c1d+152					
Ireland Megalithic.SG	M																	T2c1d1					
Ireland Viking.SG	F								H24a														
Israel C	F																	T2e					
Israel C	M											K1a+150					R0						
Israel MLBA	M								H+152,H+16129,HV2a1,HV1b3														
Israel MLBA sister.I10101	F																		U2e1b				
Italy Basilicata Venosa	M										J1c3												
Italy IA Republic.SG	M								H11a														
Italy Imperial.SG	F								H5a1		J1c							T2k	U3b1				
Italy Imperial.SG	M								H2a5														
Italy Imperial o4.SG	M											K1a7											
Italy LA.SG	F								H17														
Italy LA.SG	M								H+195+146,H2a1				L4a2										
Italy LA o1CentralEuropean.SG	M											K1a											
Italy Lazio Viterbo EarlyMedieval	F																					X2n	
Italy Lazio Viterbo Imperial	M																					X1	
Italy Medieval EarlyModern.SG	F																	T2b					
Italy Medieval EarlyModern.SG	M								H4a1,HV0a														
Italy Medieval EarlyModern oCentralEuropean.SG	F											K1a4a1											
Italy Medieval EarlyModern oCentralEuropean.SG	M								H1g1			K1a2a											
Italy Mesolithic.SG	M																		U5b1+16189+@16192				
Italy North Remedello EBA.SG	M										J1c1b												
Italy Ordona Daunian.SG	M									I5a2+16086C													
Italy Ordona Daunian.SG daughter.SAL011.SG	F																		U8b1b1				
Italy Ordona Medieval.SG	F																					X2i	
Italy Salapia Daunian.SG	F											K1a2a											
Italy Sardinia BA Nuragic	M								H3														
Italy Sardinia EBA	F								H1										U5b3				
Italy Sardinia EBA	M											K1a4a1										X2b3	
Italy Sardinia EBA dup.SUC006.SG	M								H1j9														
Italy Sardinia EBA o	F								H1e1a														
Italy Sardinia IA 2	F										J1c2												
Italy Sardinia N	F										J2a1a1,J2b1a								U1a1a				
Italy Sardinia N	M								H4a1a			K1a											
Italy Sardinia N contam	M																R						
Italy Sicily EBA	M								H71			K1a3a											
Italy Sicily LBA	F											K1a,K1a3a											
Italy Sicily MN	F								H1e														
Italy Sicily N Stentinello	M																		U8b1b1				
Italy Tuscany Grosseto Etruscan	F										J1c9							T2b					
Italy Tuscany Grosseto Etruscan	M								H1at1		J1c3												
Italy Tuscany Grosseto Imperial	M								H74														
Italy Tuscany Siena EarlyMedieval	M								HV														
Japan HG Jomon	F														N9b								
Japan Honshu EarlyJomon.SG	M													M7a1 ,M7a 									
Japan Honshu Kofun.SG	F				D5c1a 																		
Japan Shikoku InitialJomon.SG	F														N9b3 								
Jordan PPNC 1d.rel.I1699	F																R0a2						
Kazakhstan Berel IA	F		B5b2a2																				
Kazakhstan Botai Eneolithic	F																						Z1
Kazakhstan Botai Eneolithic.SG	F																						Z1a
Kazakhstan Central Steppe EMBA.SG	F			C4+152																			
Kazakhstan Kangju.SG	M																		U2e2a1				
Kazakhstan Kumsay EBA	F			C5c+16234																			
Kazakhstan MLBA Aktogai	M																		U5a1a2a				
Kazakhstan MLBA OyDzhaylau	F																		U4a1				
Kazakhstan MLBA Zevakinskiy	M																		U2a				
Kazakhstan Maitan MLBA Alakul	M																		U4b1a1a1				
Kazakhstan Mereke MBA	M																		U5a1b				
Kazakhstan Sarmatian.SG	M																		U4a2				
Kazakhstan Sarmatian IA	F									I4a									U5b2c				
Kazakhstan Sarmatian IA	M																		U4a1				
Kazakhstan Shoendykol MLBA Fedorovo	F																		U2e2a1d				
Kazakhstan Tasmola EIA	F									I1a1													
Kazakhstan Tasmola EIA	M																		U5a1f1				
Kazakhstan TianShan Hun o.SG	M				D4b1a2a1																		
Kazakhstan Wusun LateSaka dup.I11524.SG	F			C4a1a+195																			
Kazakhstan Zevakinskiy BA	M																	T1a1					
Kazakhstan Zevakinskiy LBA o	M																		U5b2a1a2				
Kazakhstann OtrarCulture LIA o	M																		U5a1a1				
Kenya PastoralN Nderit possible	M												L3a2a										
Kyrgyzstan Chuy KaraDjigach BlackDeath Medieval	F		B4c1a2						HV2a2														
Kyrgyzstan Modern Nomad.SG	M								H6a1b														
Kyrgyzstan Saka IA	F																		U4a1a				
Kyrgyzstan TianShan Hun o.SG	M	A16																					
Latvia BA	F								H1c														
Latvia BA	M										J1b1a1								U5a1c1				
Latvia HG	M																		U5a2				
Lebanon Medieval o4.SG	M																	T2					
Lithuania EMN Narva	F																		U5a2e				
Lithuania EMN Narva	M																		U5b2b				
Lithuania Mesolithic	M																		U5b2c1				
Luxembourg Loschbour.DG	M																		U5b1a,U5b1a				
Macedonia IA	F											K1a3a											
Malawi Chencherere LSA 5200BP noUDG	F												L0k2										
Malawi Hora LSA 8500BP.SG	F												L0a2										
Malawi Hora LSA 8500BP.SG	M								H2a2a1														
Mexico Colonial Maya	F	A2+(64)																					
Mexico Pericues.SG	M			CZ 																			
Mexico PreColombian lc.SG	M			C 																			
Micronesia SaudeleurDynasty	M		B4a1a1																				
Moldova Glinoe Scythian.SG	M																		U4,U5a2b				
Moldova Glinoe Scythian o2.SG	F																		U5a1a2b				
Moldova Glinoe Scythian o3 lc.SG	F													M10a1a1a									
Mongolia Arkhangai Xiongnu	F											K1a19											
Mongolia Arkhangai XiongnuEarlyMedieval 1 sister.BUR003	F										J2b1a2a												
Mongolia Arkhangai XiongnuEarlyMedieval 3	F										J1d5												
Mongolia BA 1	M				D4j																		
Mongolia EBA Chemurchek 2 dup.I12957	M																	T1a1					
Mongolia EIA SlabGrave 1	F				D4j7																		
Mongolia EIA SlabGrave 1	M			C5c	D4m2																		
Mongolia Khovd MLBA	M							G2b2															
Mongolia Khuvsgul XiongnuLateMedieval 1	M								H														
Mongolia LBA CenterWest 4	M				D4j1																		
Mongolia LBA CenterWest 4 o	M	A+152+16362																					
Mongolia LBA CenterWest 5	M			C4a1a1																			
Mongolia LBA Khovsgol 6	M		B5b1																				
Mongolia LBA MongunTaiga 1	M																		U5a2				
Mongolia LBA MongunTaiga 3	M																		U2e1h				
Mongolia LBA Ulaanzukh 2	F			C4a1a+195																			
Mongolia MBA Munkhkhairkhan 2	M								H15b1														
Mongolia MBA Munkhkhairkhan 2 dup.I13173	M								H15b1														
Mongolia North N mother.I23394	F				D4j																		
Mongolia Selenge LateMedieval	F							G2a5															
Mongolia Selenge Xiongnu	M				D5a2a1																		
Mongolia Selenge XiongnuMedieval	M				D2																		
Mongolia Sukhbaatar LateMedieval	M														N1a1a1a1a		R11a						
Mongolia Sukhbaatar XiongnuLateMedieval	M				D4j+16311																		
Mongolia Umungobi LateMedieval	F							G3a3															
Mongolia Uvs EIAXiongnuLateMedival	F														N9a9								
Mongolia Uvs EIAXiongnuLateMedival	M																	T2b34					
Mongolia Uvurkhangai EIALateMedieval	M				D4b2b																		
Mongolia Uvurkhangai Xiongnu	M														N9a1								
Montenegro MLBA	F								H7c2														
Morocco Iberomaurusian	M													M1b									
Nepal Mustang Chokhopani IA	M	A17																					
Nepal Mustang Samdzong MiddleKingdoms	F						F1g																
Nepal Mustang Samdzong MiddleKingdoms	M													M9a1a1c1b1a									
Netherlands BellBeaker	M								H														
Netherlands Friesland Saxon Medieval oEastMed.SG	F										J1c3												
Netherlands MBA	F																		U4a3				
Netherlands MBA	M								H5b														
Norway LN BA.SG	M																		U2e2a				
Norway Medieval.SG	M								H1a3a														
Norway Medieval lc.SG	M																		U6a3				
Norway Viking.SG	M								H13a1a1a		J1c5							T2b					
Pakistan Aligrama H	F																				W6		
Pakistan Barikot H	F																R30b1						
Pakistan Katelai IA	F								HV18,HV14a												W3b		
Pakistan Katelai IA	M													M30c1									
Pakistan Loebanr IA	F														N1a2								
Pakistan Loebanr IA	M								HV2a										U7a				
Pakistan Loebanr IA son.I6292.son.I10000	M																	T2g1a					
Pakistan SaiduSharif H	M											K1b1a1+199							U2b2				
Pakistan Udegram Medieval Ghaznavid father.or.son.I2959	M				D4c2b																		
Panama IsthmoColombian oEuropean lc.SG	M								H5														
Peru Antaura Tiwanaku	F	A2d1																					
Peru Cuncaicha 3300BP contam	M	A2h																					
Peru ElBrujo EIP 1300BP	M			C1b																			
Peru LimaCoast MH 1000BP	F	A2+(64)																					
Peru MH LIP Lambayeque	F	A2+(64)+16129																					
Peru Palpa LIP 550BP	F																R						
Peru Palpa MH 950BP	M			C5b																			
Peru SanSebastian LIP 600BP	M			C5b																			
Peru Ullujaya MH 950BP	F																R						
Philippines RedSlippedPottery.WGC	F		B5b1a																				
Poland BKG o1.SG	F																		U5b2a1a				
Poland BellBeaker son.I6581 brother.I6582 lc	M																		U5a2b				
Poland CordedWare.SG	F																		U3a’c 				
Poland EBA	F											K1a4a1g											
Poland EBA Unetice.SG	F																		U4,U5a1b1				
Poland GlobularAmphora	M																				W5		
Poland Southeast CordedWare.SG	F								H2a2b														
Poland Southeast CordedWare.SG	M									I2								T1a1					
Poland Viking.SG	M										J1b1a1b												
Poland Viking father.or.son.VK156.SG	M								H1c3														
Portugal C	M											K1a1							U5b1+16189+@16192				
Portugal EBA lc	F								H1+16311														
Portugal Geometric Mesolithic	F																		U5b1 + 16189				
Portugal LN C.SG	M											K1b1a											
Portugal MN.SG	F								H3														
PuertoRico Monserrate Ceramic	M	A2																					
PuertoRico PasodelIndio Ceramic	M	A2																					
PuertoRico PuntaCandelero Ceramic	F	A2h																					
Romania BA Arman	F											K1c1											
Romania C Bodrogkeresztur	F								H+152		J1c1												
Romania C Bodrogkeresztur	M								HV0a,H5n														
Romania EN	F										J1c5												
Romania EN	M											K1a2											
Romania IronGates Mesolithic	M											K1+16362											
Romania MLBA	F										J1												
Romania Medieval	M																		U5a1				
Russia Afanasievo	F																		U5a1d2b,U4d3				
Russia Afanasievo	M																	T1a1,T2a1a	U5a1a1				
Russia Afanasievo.SG	F																		U5a1a1				
Russia Afanasievo.SG	M																		U5b2a1a+16311				
Russia Afanasievo son.I10565	M																	T2c1a2					
Russia AginBuryat N.SG	M				D2a'b																		
Russia Alan o.SG	M																					X2f	
Russia AngaraRiver BA.SG	M				D4b1c																		
Russia AngaraRiver Medieval.SG	M				D6c																		
Russia BA Okunevo.SG	M	A8a		C5c																			
Russia Boisman MN	M			C5a																			
Russia Boisman MN contam	M				D4o2a																		
Russia Caucasus EBA Yamnaya	F																	T2a1					
Russia Caucasus KuraAraxes	M																		U4a2				
Russia Caucasus KuraAraxes o2 1d.rel.VEK007 1d.rel.VEK008	F																		U4a2				
Russia Caucasus LBA Dolmen	M								H6a1a														
Russia Caucasus LateMaikop	M																	T1a2					
Russia Caucasus Maikop Novosvobodnaya	M																					X2f	
Russia Caucasus Medieval	F																		U5a2a1				
Russia DevilsCave N.SG	F				D4																		
Russia EBA o1.SG	M														N1a1a-T152C								
Russia EHG	F																R1b						
Russia EIA Sargatka IA	M																		U5a1a2a,U4a1				
Russia Ekven IA.SG	M	A2b1			D4b1a2a1																		
Russia Ekven OldBeringSea	M	A2b1																					
Russia Ekven OldBeringSea dup.I7349.SG	F	A2a																					
Russia IA 3.SG	M											K2a5											
Russia IA Ingria.SG	F								H2a1a														
Russia Ivanovo Fatyanovo BA.SG	F																				W6		
Russia Ivanovo Fatyanovo BA lc.SG	F																	T1a1+@152					
Russia Kalmykia EBA Yamnaya.SG	F																		U5a1d1				
Russia Kalmykia EBA Yamnaya.SG	M																		U4				
Russia Karasuk o1.SG	F	A+152+16362																					
Russia Khvalynsk Eneolithic	M								H2a1														
Russia KuengaRiver N 1.SG	F	A																					
Russia Kurma EBA.SG	F						F1b																
Russia LateMaikop	F																		U4c1				
Russia LenaRiver LUP.SG	F																R1b						
Russia LenaRiver MiddleN.SG	M				D4b1c																		
Russia Lokomotiv Eneolithic.SG	F				D4j																		
Russia MBA Poltavka	M																		U2d2				
Russia MLBA Krasnoyarsk	F								H7b												W1c		
Russia MLBA Krasnoyarsk	M																		U5b2c				
Russia MLBA Sintashta	M								H2b										U2e2a				
Russia MLBA Sintashta.SG	F																		U2e1h				
Russia MLBA Sintashta 1d.rel.I1055	F																		U2e1h				
Russia MLBA Sintashta o1	M																		U2e1'2'3				
Russia Magadan BA dup.I11278.SG	F				D2a1																		
Russia Mezhovskaya.SG	M									I5c													
Russia North Caucasus	F																R1a1a						
Russia SaltovoMayaki.SG	M										J1b4												
Russia Samara EBA Yamnaya	F																				W6c		
Russia Samara EBA Yamnaya	M																	T2c1a2					
Russia Sarmatian.SG	M	A+152+16362																					
Russia Shamanka Eneolithic.SG	F			C4																			
Russia Shamanka Eneolithic.SG	M				D4j																		
Russia Siberia Lena EBA	F			C4a1a3,C4a2a1																			
Russia Siberia Lena EBA o	M				D4j																		
Russia Srubnaya	F								H2b														
Russia Srubnaya Alakul.SG	M								H		J1c3a												
Russia Srubnaya Scythian Sarmatian possible	M																		U5a1i				
Russia Srubnaya o1	F																		U5a1				
Russia Sunghir2.SG	M																		U2				
Russia Tagar.SG	F														N9a9								
Russia Tver Fatyanovo BA.SG	F										J1c1b1a1												
Russia Uelen OldBeringSea	F	A2a																					
Russia Ural EarlySarmatian	F																		U2e2a1a2				
Russia UstBelaya Angara	F				D4j1																		
Russia UstIda LN.SG	F																R1b1						
Russia UstIda LN.SG	M	A+152+16362																					
Russia Viking.SG	F										J1b1a1,J1c												
Russia Viking.SG	M										J1c1a								U4a1a				
Russia Vologda Veretye Mesolithic.SG	F																	T2a1b1					
Russia Yaroslavl Fatyanovo BA.SG	M																	T2b					
Russia Yaroslavl Fatyanovo BA dup.I1490.SG	F																	T2a1a					
Russia Yaroslavl Fatyanovo BA dup.I7356 lc.SG	M																				W1c		
Scotland C EBA	M											K1a3a											
Scotland C EBA highEEF	F								H1a														
Scotland LBA	F																		U5a1c				
Scotland LBA	M											K1a2c											
Scotland MBA	M								H6a1b2,H2a1a														
Scotland N	F											K1a+195,K1a1b1											
Scotland N	M								HV0+195		J1c9							T2c1d1					
Scotland N.SG	F								H,H2														
Scotland N lowEEF	M																		U5b2a+@16192				
Scotland Orkney IA.SG	M								H1b														
Scotland Orkney MBA.SG	F																		U5b2a3b				
Scotland Orkney MBA.SG	M								H1n1			K1c2											
Serbia BA Maros	F								H4a1a		J2b1a1												
Serbia C BA Tiszapolgar Bodrogkerestur	M								H4a1														
Serbia GradStarcevo Starcevo EN.SG	F																	T2e2					
Serbia IronGates MBA	M									I3a													
Serbia IronGates Mesolithic	F																		U5a1c,U5a2d,U5a1				
Serbia IronGates Mesolithic	M																		U5a1c				
Serbia LepenskiVir EMN.SG	M								H3														
Slovakia IA Vekerzug	F																		U5a1a1				
Slovakia IA Vekerzug	M																				W+194		
Slovakia LIA LaTene	M																			V			
Slovenia EIA	M											K1b1											
Slovenia MIA oSouth	M								H4a1c1a														
South Africa 2200BP.SG	M												L0d2c1										
Spain Almoloya Argar Early	F								H3														
Spain Almoloya Argar Early	M								H1+16189														
Spain Almoloya Argar Late	M								H1cf														
Spain Almoloya Argar son.ALM015.ALM016	M											K1a4a1											
Spain C	F								H1t		J2a1a1,J2b1a							T	U5b3				
Spain C	M								H1,H3,H3									T2b3	U5b1i,U5b1+16189+@16192	V		X2	
Spain C.SG	M								H3														
Spain C lc	F								H1aq			K1a+195											
Spain C lc	M											K1a1b1											
Spain C oSteppe	M																		U5a1b1				
Spain Carolingian	F								H42														
Spain EBA	F								H84														
Spain EBA	M								HV0+195,H1q										U,U5b3				
Spain EBA lc	F										J2b1a												
Spain EN	F																			V			
Spain Greek oLocal	M								H1														
Spain Hellenistic oAegean	M								H33														
Spain IA	F								HV0+195														
Spain IA Celt	M								H1														
Spain IA Celt o	F										J1c1												
Spain IA lc	F								H														
Spain IA o	M								H1														
Spain Islamic	F																		U5b1f1a				
Spain Islamic	M								H1,H3										U4a2				
Spain LBA	M								H1j														
Spain LIA	M																		U5b1g,U5b1g				
Spain LaHorna BA 1d.LHO001	M											K1a+195											
Spain MBA	M										J2a1a1												
Spain MBA Formentera noUDG	F								H5														
Spain MLN	F								H		J2a1a1a												
Spain MLN	M											K1a2b											
Spain Menorca LBA new	M																		U5b1+16189+@16192				
Spain NazariPeriod Muslim	F																				W6		
Spain Roman oMixed	F											K1b2a											
Spain SE Iberia BA Argar	M											K1a1b1											
Spain SE Iberia CA	F										J2b1a	K1a+195											
Spain SE Iberia CA	M										J1c1e									V			
Spain Visigoth Granada	F								HV0f														
Sudan EarlyChristian	M												L5a1b										
Sudan EarlyChristian R	F								H2a										U1a1				
Sudan EarlyChristian R	M								H2a														
Sudan EarlyChristian S	F								H2a,HV13a		J2a2e		L2a1d1,L5a1b,L2a1d1		N1a1a3								
Sudan EarlyChristian S	M												L2a1d1						U5b2b5				
Sudan EarlyChristian lc	M																		U5b2b5				
Sweden Ansarve Megalithic.SG	M								HV0a														
Sweden EarlyViking lc.SG	M								H1f+16093														
Sweden Gotland Ajvide PittedWare BattleAxe.SG	F																		U4a2				
Sweden Gotland Hemmor PittedWare BattleAxe.SG	F																		U5a1				
Sweden Gotland Hemmor PittedWare BattleAxe.SG	M											K1a3a							U4a2				
Sweden Gotland Hemmor PittedWare BattleAxe minus.SG	M											K1a3a							U4a2				
Sweden Gotland Vasterbjers PittedWare BattleAxe.SG	M																		U4a2				
Sweden Gotland Vasterbjers PittedWare BattleAxe minus.SG	F																		U5b2a2				
Sweden IA 2.SG	F								H1a3b														
Sweden LN.SG	M											K1a3											
Sweden Motala HG	M																		U5a2d,U5a1				
Sweden PWC.SG	M																			V			
Sweden Viking.SG	F								H3n,H1e1a,H5,H1m,H56										U4,U5a2b	V			
Sweden Viking.SG	M								H1m,H3ac,H15a1,HV+16311,H1b1,H2a2b	I4a	J1d	K1a4a1a2b,K2b1a1						T1,T2b11					
Sweden Viking fail.due.to.high.heterozygosity.SG	F								H2a3a														
Switzerland EBA 2	F										J1c4												
Switzerland EBA 2	M								H3+16189			K1a1											
Switzerland LN	F								H5										U5b2b5				
Switzerland LN	M								H7d,H10+(16093),H1+16311			K1a+195											
Switzerland LN father.or.son.Aes24.1d.rel.Aes19.1d.rel.Aes3	M								H1														
Syria Ebla EMBA	F																		U3b2a1				
Syria TellQarassa Umayyad	F																R0a2						
Taiwan Hanben IA	F													M7c1c3									
Taiwan Hanben IA	M		B4b1a2f														R30						
Tajikistan BA DashtiKozy	F																	T2a1b1					
Tajikistan C Sarazm	F										J1d												
Tanzania Zanzibar 1300BP lc.SG	F												L4b2a2										
Tanzania Zanzibar 1300BP noUDG	F												L4b2a2c										
Tonga 2500BP	M		B4a1a1																				
Turkey Alalakh MLBA	F								H5a1j									T2	U1a1d				
Turkey Archaic SubGeometric	M																		U8b1a2				
Turkey Arslantepe EBA	F											K1a28											
Turkey Arslantepe LateC	F										J1c	K1a8b											
Turkey Arslantepe LateC	M											K1a3											
Turkey Arslantepe LateC brother.ART014	M																					X2i+@225	
Turkey AsikliHoyuk EN Preceramic.SG lc	F											K1a4											
Turkey AssyrianColonyPeriod.SG	F																		U1a				
Turkey Barcin LN.SG	M														N1a1a1								
Turkey Boncuklu N	F																		U3				
Turkey Byzantine	F								HV7														
Turkey C dup.I1584 do.not.mergeI2500	F											K1a17											
Turkey CamlibelTarlasi LateC	F								HV1			K1a											
Turkey Catalhoyuk N Ceramic.SG	F											K1a											
Turkey EBA	F																	T2c1a			W3a1		
Turkey EBA	M														N2a								
Turkey EBA noUDG	F											K1a2											
Turkey EBA noUDG	M								H														
Turkey Hellenistic	M								H5														
Turkey IA	F										J2b1												
Turkey IA	M																		U3a2a				
Turkey IA o6	F										J2a2e												
Turkey IA o6	M								H29														
Turkey Ikiztepe LateC	F										J1c16												
Turkey Ikiztepe LateC	M																		U1b1				
Turkey MBA	M											K1a15											
Turkey N	F								H5														
Turkey N	M											K1a						T2b	U8b1b1				
Turkey N.DG	M											K1a2											
Turkey N.SG	M																					X2m	
Turkey Ottoman Tajik Turkic possible.SG	F				D4j																		
Turkey PPNA	F											K1a											
Turkey Roman 1	M																		U7b				
Turkey Roman 5	F											K1a19											
Turkey Roman 5	M										J2a2e												
Turkey SoutheastByzantine	F														N3a				U4b				
Turkey SoutheastByzantine father.or.son.I14651	M																		U4b3				
Turkey TellAtchana MLBA	M											K1a											
Turkey WestByzantine	F																					X2n	
Turkey WestByzantine	M								H		J1c10							T2g1					
Turkey WestByzantine oEuropean	F								H8c														
Turkmenistan BA Gonur 4	F								HV12b1														
Turkmenistan C Geoksyur	F								HV														
Turkmenistan Gonur BA 1	M																	T1a1					
Turkmenistan Gonur BA 1 lc	M										J1b1a3				N1a2								
Turkmenistan Gonur BA 1 o3	M																	T2d1a					
Turkmenistan LBA Parkhai	F								H29a														
USA AK Ancient Athabaskan 1100BP.SG	M	A2a1																					
USA AK PaleoAleut	F				D2a1a																		
USA AK Prehistoric.SG	M				D4h3a 																		
USA Ancient Beringian.SG	F		B2																				
USA CA Chumash.SG	F				D1t																		
USA CA Chumash.SG	M	A2,A2cc																					
USA CA Early SanNicolas lc.SG	M	A2cb																					
USA CA LSCI.SG	F			C1b41a1a,Cb16a1																			
USA CA Late SanNicolas.SG	F		B2a5b																				
USA CA Late SanNicolas contam.SG	F		B2a5b																				
USA MarianaIslands Latte	F					E2a																	
USA MarianaIslands Latte	M					E1a1b,E2a																	
USA MarianaIslands Latte mother.I24593	F					E1a1b																	
USA MarianaIslands Latte o	F					E2																	
USA Nevada LovelockCave 1850BP.SG	F				D1																		
Ukraine Alexandria MBA	M								H2a1a														
Ukraine LateSrubnaya.SG	F																	T2a1b1a 					
Ukraine Mesolithic	M																		U5b2				
Ukraine N	F																		U5b2				
Ukraine Scythian.SG	M										J2b1a6												
Ukraine VertebaCave MLTrypillia	M										J1c2												
Ukraine Viking 1d.rel.VK539.SG	F																			V			
Uzbekistan Bustan BA	M								H2a2a														
Uzbekistan Bustan Eneolithic	M																				W1+119		
Uzbekistan Dzharkutan BA 3	F								H+16311														
Uzbekistan SappaliTepe BA	F																		U1a2				
Vanuatu 150BP noUDG	F															P1d2							
Venezuela LasLocas Ceramic	M		B2j																				
Vietnam BA DongSonCulture.SG	F						F1a							M7b1a1									
Vietnam N noUDG	F													M13b1									
Wales C EBA	M									I3													
Wales LBA	M																		U5a1b1				
Wales N.SG	F																		U5b				
Wales N.SG	M																	T / V22					
