Ancient pop	Sex	C	F	I	P	R	Y	Z
England BellBeaker	M					R-L151		
England C EBA	M					R-Z251,R-Z251,R-L754,R-P312,R-L21		
England C EBA lowEEF	M					R-L51		
England EIA	M			I-PF692		R-S264,R-L52,R-L151		
England EastYorkshire MIA LIA	M					R-DF27,R-P312		
England IA Roman.SG	M					R-FGC14823		
England LIA	M					R-Y17997,R-FGC19428		
England MBA	M					R-DF13,R-L21		
England MIA	M					R-DF13,R-BY9003,R-S5668,R-Z16887,R-L151		
England MIA LIA	M					R-DF63,R-M269,R-S5488,R-L20,R-M269,R-M269		
England N	M	CT		I-L1193				
England N o	M	CT						
England Viking.SG	M					R-P312,R-S261,R-L52,R-L448		
England Viking o.SG	M					R-Z330		
Hungary DanubeTisza EAvar	M		F4205,F4205					
Hungary DanubeTisza LAvar	M		F4205					
Hungary EBA Protonagyrev	M					R-L151 > A8053		
Hungary Transtisza EAvar	M						YP817	
Ireland EBA.SG	M					R-L21,R-S5488		
Ireland EN.SG	M			I-Y3709				
Ireland EN MN.SG	M			I-L1195				
Ireland MN.SG	M			I-S21825				
Ireland Megalithic.SG	M			I-CTS616				
Scotland C EBA	M					R-L21		
Scotland LBA	M					R-L21		
Scotland MBA	M			I-L1195		R-Z2186		
Scotland N	M			I-BY37269,I-CTS10057				
Scotland N lowEEF	M			I-L1193				
Spain Almoloya Argar Early	M							Z195/S227
Spain Almoloya Argar Late	M							Z195/S227
Spain Almoloya Argar son.ALM015.ALM016	M							Z195/S227
Spain LaHorna BA 1d.LHO001	M							Z195
Spain SE Iberia BA Argar	M				P312			
Spain SE Iberia CA	M				P96			
Wales C EBA	M					R-P312		
Wales LBA	M					R-Y5305		
